데이터셋,채널,충방전기,용량(mAh),총사이클,RPT,Rss,가속수명,GITT,initial,unknown,시험종류,RPT주기,스케줄패턴,에러,경로
250207_250307_3_김동진_1689mAh_ATL Q7M Inner 2C 상온수명 1-100cyc,30,Toyo,1689,104,4,0,98,0,1,1,가속수명 시험,34,initial → RPT×3 → 가속수명×98 → RPT → unknown,,C:\Users\Ryu\battery\python\BDT_dev\rawdata\250207_250307_3_김동진_1689mAh_ATL Q7M Inner 2C 상온수명 1-100cyc\30
250207_250307_3_김동진_1689mAh_ATL Q7M Inner 2C 상온수명 1-100cyc,31,Toyo,1689,104,4,0,98,0,1,1,가속수명 시험,34,initial → RPT×3 → 가속수명×98 → RPT → unknown,,C:\Users\Ryu\battery\python\BDT_dev\rawdata\250207_250307_3_김동진_1689mAh_ATL Q7M Inner 2C 상온수명 1-100cyc\31
250219_250319_3_김동진_1689mAh_ATL Q7M Inner 2C 상온수명 101-200cyc,30,Toyo,1689,104,4,0,98,0,1,1,가속수명 시험,34,initial → RPT×3 → 가속수명×98 → RPT → unknown,,C:\Users\Ryu\battery\python\BDT_dev\rawdata\250219_250319_3_김동진_1689mAh_ATL Q7M Inner 2C 상온수명 101-200cyc\30
250219_250319_3_김동진_1689mAh_ATL Q7M Inner 2C 상온수명 101-200cyc,31,Toyo,1689,104,4,0,98,0,1,1,가속수명 시험,34,initial → RPT×3 → 가속수명×98 → RPT → unknown,,C:\Users\Ryu\battery\python\BDT_dev\rawdata\250219_250319_3_김동진_1689mAh_ATL Q7M Inner 2C 상온수명 101-200cyc\31
250304_250404_3_김동진_1689mAh_ATL Q7M Inner 2C 상온수명 201-300cyc,30,Toyo,1689,102,1,0,99,0,1,1,가속수명 시험,,initial → 가속수명×99 → RPT → unknown,,C:\Users\Ryu\battery\python\BDT_dev\rawdata\250304_250404_3_김동진_1689mAh_ATL Q7M Inner 2C 상온수명 201-300cyc\30
250304_250404_3_김동진_1689mAh_ATL Q7M Inner 2C 상온수명 201-300cyc,31,Toyo,1689,102,1,0,99,0,1,1,가속수명 시험,,initial → 가속수명×99 → RPT → unknown,,C:\Users\Ryu\battery\python\BDT_dev\rawdata\250304_250404_3_김동진_1689mAh_ATL Q7M Inner 2C 상온수명 201-300cyc\31
250317_251231_3_김동진_1689mAh_ATL Q7M Inner 2C 상온수명 301-400cyc,30,Toyo,1689,102,1,0,99,0,1,1,가속수명 시험,,initial → 가속수명×99 → RPT → unknown,,C:\Users\Ryu\battery\python\BDT_dev\rawdata\250317_251231_3_김동진_1689mAh_ATL Q7M Inner 2C 상온수명 301-400cyc\30
250317_251231_3_김동진_1689mAh_ATL Q7M Inner 2C 상온수명 301-400cyc,31,Toyo,1689,102,1,0,99,0,1,1,가속수명 시험,,initial → 가속수명×99 → RPT → unknown,,C:\Users\Ryu\battery\python\BDT_dev\rawdata\250317_251231_3_김동진_1689mAh_ATL Q7M Inner 2C 상온수명 301-400cyc\31
250905_250915_00_류성택_4-187mAh_M2-SDI-open-ca-half-14pi-GITT-0.1C-T23,M01Ch025[025],PNE,187,123,0,0,0,2,121,0,기타,,GITT → initial×121 → GITT,,C:\Users\Ryu\battery\python\BDT_dev\rawdata\250905_250915_00_류성택_4-187mAh_M2-SDI-open-ca-half-14pi-GITT-0.1C-T23\M01Ch025[025]
250905_250915_00_류성택_4-376mAh_M2-SDI-open-an-half-14pi-GITT-0.1C-T23,M01Ch024[024],PNE,376,74,0,0,0,1,73,0,기타,,initial → GITT → initial×72,,C:\Users\Ryu\battery\python\BDT_dev\rawdata\250905_250915_00_류성택_4-376mAh_M2-SDI-open-an-half-14pi-GITT-0.1C-T23\M01Ch024[024]
251002_251010_00_박민희_4-19mAh_RatedCh half ca 4.19mAh SDI,M01Ch017[017],PNE,19,6,4,0,0,0,2,0,RPT 전용,1,initial×2 → RPT×4,,C:\Users\Ryu\battery\python\BDT_dev\rawdata\251002_251010_00_박민희_4-19mAh_RatedCh half ca 4.19mAh SDI\M01Ch017[017]
251002_251010_00_박민희_4-19mAh_RatedCh half ca 4.19mAh SDI,M01Ch019[019],PNE,19,6,4,0,0,0,2,0,RPT 전용,1,initial×2 → RPT×4,,C:\Users\Ryu\battery\python\BDT_dev\rawdata\251002_251010_00_박민희_4-19mAh_RatedCh half ca 4.19mAh SDI\M01Ch019[019]
251028_260428_05_나무늬_2335mAh_Q8 ATL 선상 SEU4 RT @1-1202,M01Ch008[008],PNE,2335,760,9,0,749,1,1,0,가속수명 시험,87,initial → RPT → 가속수명×98 → RPT → 가속수명×99 → RPT → 가속수명×99 → RPT → 가속수명×99 → RPT → 가속수명×99 → RPT → 가속수명×99 → RPT×2 → 가속수명×98 → RPT → 가속수명×58 → GITT,,C:\Users\Ryu\battery\python\BDT_dev\rawdata\251028_260428_05_나무늬_2335mAh_Q8 ATL 선상 SEU4 RT @1-1202\M01Ch008[008]
251028_260428_05_나무늬_2335mAh_Q8 ATL 선상 SEU4 RT @1-1202,M01Ch014[014],PNE,2335,760,9,0,749,1,1,0,가속수명 시험,87,initial → RPT → 가속수명×98 → RPT → 가속수명×99 → RPT → 가속수명×99 → RPT → 가속수명×99 → RPT → 가속수명×99 → RPT → 가속수명×99 → RPT×2 → 가속수명×98 → RPT → 가속수명×58 → GITT,,C:\Users\Ryu\battery\python\BDT_dev\rawdata\251028_260428_05_나무늬_2335mAh_Q8 ATL 선상 SEU4 RT @1-1202\M01Ch014[014]
251028_260428_05_나무늬_2335mAh_Q8 ATL 선상 SEU4 RT @1-1202,M01Ch026[026],PNE,2335,760,9,0,749,1,1,0,가속수명 시험,87,initial → RPT → 가속수명×98 → RPT → 가속수명×99 → RPT → 가속수명×99 → RPT → 가속수명×99 → RPT → 가속수명×99 → RPT → 가속수명×99 → RPT×2 → 가속수명×98 → RPT → 가속수명×58 → GITT,,C:\Users\Ryu\battery\python\BDT_dev\rawdata\251028_260428_05_나무늬_2335mAh_Q8 ATL 선상 SEU4 RT @1-1202\M01Ch026[026]
251029_251229_05_나무늬_2335mAh_Q8 선상 ATL SEU4 LT @1-401,M01Ch009[009],PNE,2335,402,5,0,395,1,1,0,가속수명 시험,100,initial → RPT → 가속수명×98 → RPT → 가속수명×99 → RPT → 가속수명×99 → RPT → 가속수명×99 → RPT → GITT,,C:\Users\Ryu\battery\python\BDT_dev\rawdata\251029_251229_05_나무늬_2335mAh_Q8 선상 ATL SEU4 LT @1-401\M01Ch009[009]
251029_251229_05_나무늬_2335mAh_Q8 선상 ATL SEU4 LT @1-401,M01Ch010[010],PNE,2335,402,5,0,395,1,1,0,가속수명 시험,100,initial → RPT → 가속수명×98 → RPT → 가속수명×99 → RPT → 가속수명×99 → RPT → 가속수명×99 → RPT → GITT,,C:\Users\Ryu\battery\python\BDT_dev\rawdata\251029_251229_05_나무늬_2335mAh_Q8 선상 ATL SEU4 LT @1-401\M01Ch010[010]
251029_251229_05_나무늬_2335mAh_Q8 선상 ATL SEU4 LT @1-401,M01Ch011[011],PNE,2335,402,5,0,395,1,1,0,가속수명 시험,100,initial → RPT → 가속수명×98 → RPT → 가속수명×99 → RPT → 가속수명×99 → RPT → 가속수명×99 → RPT → GITT,,C:\Users\Ryu\battery\python\BDT_dev\rawdata\251029_251229_05_나무늬_2335mAh_Q8 선상 ATL SEU4 LT @1-401\M01Ch011[011]
251029_251229_05_나무늬_2935mAh_Q8 선상 ATL SEU4 LT @1-401 - 복사본,M01Ch009[009],PNE,2935,402,5,0,395,1,1,0,가속수명 시험,100,initial → RPT → 가속수명×98 → RPT → 가속수명×99 → RPT → 가속수명×99 → RPT → 가속수명×99 → RPT → GITT,,C:\Users\Ryu\battery\python\BDT_dev\rawdata\251029_251229_05_나무늬_2935mAh_Q8 선상 ATL SEU4 LT @1-401 - 복사본\M01Ch009[009]
251029_251229_05_나무늬_2935mAh_Q8 선상 ATL SEU4 LT @1-401 - 복사본,M01Ch010[010],PNE,2935,402,5,0,395,1,1,0,가속수명 시험,100,initial → RPT → 가속수명×98 → RPT → 가속수명×99 → RPT → 가속수명×99 → RPT → 가속수명×99 → RPT → GITT,,C:\Users\Ryu\battery\python\BDT_dev\rawdata\251029_251229_05_나무늬_2935mAh_Q8 선상 ATL SEU4 LT @1-401 - 복사본\M01Ch010[010]
251029_251229_05_나무늬_2935mAh_Q8 선상 ATL SEU4 LT @1-401 - 복사본,M01Ch011[011],PNE,2935,402,5,0,395,1,1,0,가속수명 시험,100,initial → RPT → 가속수명×98 → RPT → 가속수명×99 → RPT → 가속수명×99 → RPT → 가속수명×99 → RPT → GITT,,C:\Users\Ryu\battery\python\BDT_dev\rawdata\251029_251229_05_나무늬_2935mAh_Q8 선상 ATL SEU4 LT @1-401 - 복사본\M01Ch011[011]
251029_260129_05_나무늬_2335mAh_Q8 선상 ATL SEU4 2.9V 50CY HT @1-801,M01Ch012[012],PNE,2335,801,9,0,790,1,1,0,가속수명 시험,87,initial → RPT → 가속수명×98 → RPT → 가속수명×99 → RPT → 가속수명×99 → RPT → 가속수명×99 → RPT → 가속수명×99 → RPT → 가속수명×99 → RPT×2 → 가속수명×98 → RPT → 가속수명×99 → GITT,,C:\Users\Ryu\battery\python\BDT_dev\rawdata\251029_260129_05_나무늬_2335mAh_Q8 선상 ATL SEU4 2.9V 50CY HT @1-801\M01Ch012[012]
251029_260129_05_나무늬_2335mAh_Q8 선상 ATL SEU4 2.9V 50CY HT @1-801,M01Ch013[013],PNE,2335,801,9,0,790,1,1,0,가속수명 시험,87,initial → RPT → 가속수명×98 → RPT → 가속수명×99 → RPT → 가속수명×99 → RPT → 가속수명×99 → RPT → 가속수명×99 → RPT → 가속수명×99 → RPT×2 → 가속수명×98 → RPT → 가속수명×99 → GITT,,C:\Users\Ryu\battery\python\BDT_dev\rawdata\251029_260129_05_나무늬_2335mAh_Q8 선상 ATL SEU4 2.9V 50CY HT @1-801\M01Ch013[013]
251029_260129_05_나무늬_2335mAh_Q8 선상 ATL SEU4 2.9V 50CY HT @1-801,M01Ch042[042],PNE,2335,2,0,0,0,1,1,0,GITT 시험,,initial → GITT,,C:\Users\Ryu\battery\python\BDT_dev\rawdata\251029_260129_05_나무늬_2335mAh_Q8 선상 ATL SEU4 2.9V 50CY HT @1-801\M01Ch042[042]
251029_260129_05_나무늬_2335mAh_Q8 선상 ATL SEU4 2.9V 75CY HT @1-801,M01Ch018[018],PNE,2335,701,8,0,691,1,1,0,가속수명 시험,86,initial → RPT → 가속수명×98 → RPT → 가속수명×99 → RPT → 가속수명×99 → RPT → 가속수명×99 → RPT → 가속수명×99 → RPT → 가속수명×99 → RPT×2 → 가속수명×98 → GITT,,C:\Users\Ryu\battery\python\BDT_dev\rawdata\251029_260129_05_나무늬_2335mAh_Q8 선상 ATL SEU4 2.9V 75CY HT @1-801\M01Ch018[018]
251029_260129_05_나무늬_2335mAh_Q8 선상 ATL SEU4 2.9V 75CY HT @1-801,M01Ch057[057],PNE,2335,341,4,0,335,1,1,0,가속수명 시험,100,initial → RPT → 가속수명×98 → RPT → 가속수명×99 → RPT → 가속수명×99 → RPT → 가속수명×39 → GITT,,C:\Users\Ryu\battery\python\BDT_dev\rawdata\251029_260129_05_나무늬_2335mAh_Q8 선상 ATL SEU4 2.9V 75CY HT @1-801\M01Ch057[057]
251029_260129_05_나무늬_2335mAh_Q8 선상 ATL SEU4 2.9V 75CY HT @1-801,M01Ch058[058],PNE,2335,701,8,0,691,1,1,0,가속수명 시험,86,initial → RPT → 가속수명×98 → RPT → 가속수명×99 → RPT → 가속수명×99 → RPT → 가속수명×99 → RPT → 가속수명×99 → RPT → 가속수명×99 → RPT×2 → 가속수명×98 → GITT,,C:\Users\Ryu\battery\python\BDT_dev\rawdata\251029_260129_05_나무늬_2335mAh_Q8 선상 ATL SEU4 2.9V 75CY HT @1-801\M01Ch058[058]
251029_260129_05_나무늬_2335mAh_Q8 선상 ATL SEU4 HT @1-801,M01Ch033[033],PNE,2335,307,4,0,301,1,1,0,가속수명 시험,100,initial → RPT → 가속수명×98 → RPT → 가속수명×99 → RPT → 가속수명×99 → RPT → 가속수명×5 → GITT,,C:\Users\Ryu\battery\python\BDT_dev\rawdata\251029_260129_05_나무늬_2335mAh_Q8 선상 ATL SEU4 HT @1-801\M01Ch033[033]
251029_260129_05_나무늬_2335mAh_Q8 선상 ATL SEU4 HT @1-801,M01Ch036[036],PNE,2335,307,4,0,301,1,1,0,가속수명 시험,100,initial → RPT → 가속수명×98 → RPT → 가속수명×99 → RPT → 가속수명×99 → RPT → 가속수명×5 → GITT,,C:\Users\Ryu\battery\python\BDT_dev\rawdata\251029_260129_05_나무늬_2335mAh_Q8 선상 ATL SEU4 HT @1-801\M01Ch036[036]
251029_260129_05_나무늬_2335mAh_Q8 선상 ATL SEU4 HT @1-801,M01Ch037[037],PNE,2335,307,4,0,301,1,1,0,가속수명 시험,100,initial → RPT → 가속수명×98 → RPT → 가속수명×99 → RPT → 가속수명×99 → RPT → 가속수명×5 → GITT,,C:\Users\Ryu\battery\python\BDT_dev\rawdata\251029_260129_05_나무늬_2335mAh_Q8 선상 ATL SEU4 HT @1-801\M01Ch037[037]
251029_260429_05_나무늬_2335mAh_Q8 선상 ATL SEU4 2.9V 30CY @1-1202,M01Ch011[011],PNE,2335,801,9,0,790,1,1,0,가속수명 시험,87,initial → RPT → 가속수명×98 → RPT → 가속수명×99 → RPT → 가속수명×99 → RPT → 가속수명×99 → RPT → 가속수명×99 → RPT → 가속수명×99 → RPT×2 → 가속수명×98 → RPT → 가속수명×99 → GITT,,C:\Users\Ryu\battery\python\BDT_dev\rawdata\251029_260429_05_나무늬_2335mAh_Q8 선상 ATL SEU4 2.9V 30CY @1-1202\M01Ch011[011]
251029_260429_05_나무늬_2335mAh_Q8 선상 ATL SEU4 2.9V 30CY @1-1202,M01Ch012[012],PNE,2335,801,9,0,790,1,1,0,가속수명 시험,87,initial → RPT → 가속수명×98 → RPT → 가속수명×99 → RPT → 가속수명×99 → RPT → 가속수명×99 → RPT → 가속수명×99 → RPT → 가속수명×99 → RPT×2 → 가속수명×98 → RPT → 가속수명×99 → GITT,,C:\Users\Ryu\battery\python\BDT_dev\rawdata\251029_260429_05_나무늬_2335mAh_Q8 선상 ATL SEU4 2.9V 30CY @1-1202\M01Ch012[012]
251029_260429_05_나무늬_2335mAh_Q8 선상 ATL SEU4 2.9V 30CY @1-1202,M01Ch016[016],PNE,2335,701,8,0,691,1,1,0,가속수명 시험,86,initial → RPT → 가속수명×98 → RPT → 가속수명×99 → RPT → 가속수명×99 → RPT → 가속수명×99 → RPT → 가속수명×99 → RPT → 가속수명×99 → RPT×2 → 가속수명×98 → GITT,,C:\Users\Ryu\battery\python\BDT_dev\rawdata\251029_260429_05_나무늬_2335mAh_Q8 선상 ATL SEU4 2.9V 30CY @1-1202\M01Ch016[016]
251029_260429_05_나무늬_2335mAh_Q8 선상 ATL SEU4 2.9V 50CY @1-1202,M01Ch007[007],PNE,2335,801,9,0,790,1,1,0,가속수명 시험,87,initial → RPT → 가속수명×98 → RPT → 가속수명×99 → RPT → 가속수명×99 → RPT → 가속수명×99 → RPT → 가속수명×99 → RPT → 가속수명×99 → RPT×2 → 가속수명×98 → RPT → 가속수명×99 → GITT,,C:\Users\Ryu\battery\python\BDT_dev\rawdata\251029_260429_05_나무늬_2335mAh_Q8 선상 ATL SEU4 2.9V 50CY @1-1202\M01Ch007[007]
251029_260429_05_나무늬_2335mAh_Q8 선상 ATL SEU4 2.9V 50CY @1-1202,M01Ch009[009],PNE,2335,801,9,0,790,1,1,0,가속수명 시험,87,initial → RPT → 가속수명×98 → RPT → 가속수명×99 → RPT → 가속수명×99 → RPT → 가속수명×99 → RPT → 가속수명×99 → RPT → 가속수명×99 → RPT×2 → 가속수명×98 → RPT → 가속수명×99 → GITT,,C:\Users\Ryu\battery\python\BDT_dev\rawdata\251029_260429_05_나무늬_2335mAh_Q8 선상 ATL SEU4 2.9V 50CY @1-1202\M01Ch009[009]
251029_260429_05_나무늬_2335mAh_Q8 선상 ATL SEU4 2.9V 50CY @1-1202,M01Ch010[010],PNE,2335,801,9,0,790,1,1,0,가속수명 시험,87,initial → RPT → 가속수명×98 → RPT → 가속수명×99 → RPT → 가속수명×99 → RPT → 가속수명×99 → RPT → 가속수명×99 → RPT → 가속수명×99 → RPT×2 → 가속수명×98 → RPT → 가속수명×99 → GITT,,C:\Users\Ryu\battery\python\BDT_dev\rawdata\251029_260429_05_나무늬_2335mAh_Q8 선상 ATL SEU4 2.9V 50CY @1-1202\M01Ch010[010]
251029_260429_05_나무늬_2335mAh_Q8 선상 ATL SEU4 2.9V 75CY @1-1202,M01Ch033[033],PNE,2335,653,8,0,643,1,1,0,가속수명 시험,86,initial → RPT → 가속수명×98 → RPT → 가속수명×99 → RPT → 가속수명×99 → RPT → 가속수명×99 → RPT → 가속수명×99 → RPT → 가속수명×99 → RPT×2 → 가속수명×50 → GITT,,C:\Users\Ryu\battery\python\BDT_dev\rawdata\251029_260429_05_나무늬_2335mAh_Q8 선상 ATL SEU4 2.9V 75CY @1-1202\M01Ch033[033]
251029_260429_05_나무늬_2335mAh_Q8 선상 ATL SEU4 2.9V 75CY @1-1202,M01Ch034[034],PNE,2335,801,9,0,790,1,1,0,가속수명 시험,87,initial → RPT → 가속수명×98 → RPT → 가속수명×99 → RPT → 가속수명×99 → RPT → 가속수명×99 → RPT → 가속수명×99 → RPT → 가속수명×99 → RPT×2 → 가속수명×98 → RPT → 가속수명×99 → GITT,,C:\Users\Ryu\battery\python\BDT_dev\rawdata\251029_260429_05_나무늬_2335mAh_Q8 선상 ATL SEU4 2.9V 75CY @1-1202\M01Ch034[034]
251029_260429_05_나무늬_2335mAh_Q8 선상 ATL SEU4 2.9V 75CY @1-1202,M01Ch035[035],PNE,2335,801,9,0,790,1,1,0,가속수명 시험,87,initial → RPT → 가속수명×98 → RPT → 가속수명×99 → RPT → 가속수명×99 → RPT → 가속수명×99 → RPT → 가속수명×99 → RPT → 가속수명×99 → RPT×2 → 가속수명×98 → RPT → 가속수명×99 → GITT,,C:\Users\Ryu\battery\python\BDT_dev\rawdata\251029_260429_05_나무늬_2335mAh_Q8 선상 ATL SEU4 2.9V 75CY @1-1202\M01Ch035[035]
251029_260429_05_나무늬_Q8 선상 ATL SEU4 2.9V 30CY @1-1202 - 복사본,M01Ch011[011],PNE,2327,801,9,0,790,1,1,0,가속수명 시험,87,initial → RPT → 가속수명×98 → RPT → 가속수명×99 → RPT → 가속수명×99 → RPT → 가속수명×99 → RPT → 가속수명×99 → RPT → 가속수명×99 → RPT×2 → 가속수명×98 → RPT → 가속수명×99 → GITT,,C:\Users\Ryu\battery\python\BDT_dev\rawdata\251029_260429_05_나무늬_Q8 선상 ATL SEU4 2.9V 30CY @1-1202 - 복사본\M01Ch011[011]
251029_260429_05_나무늬_Q8 선상 ATL SEU4 2.9V 30CY @1-1202 - 복사본,M01Ch012[012],PNE,2327,801,9,0,790,1,1,0,가속수명 시험,87,initial → RPT → 가속수명×98 → RPT → 가속수명×99 → RPT → 가속수명×99 → RPT → 가속수명×99 → RPT → 가속수명×99 → RPT → 가속수명×99 → RPT×2 → 가속수명×98 → RPT → 가속수명×99 → GITT,,C:\Users\Ryu\battery\python\BDT_dev\rawdata\251029_260429_05_나무늬_Q8 선상 ATL SEU4 2.9V 30CY @1-1202 - 복사본\M01Ch012[012]
251029_260429_05_나무늬_Q8 선상 ATL SEU4 2.9V 30CY @1-1202 - 복사본,M01Ch016[016],PNE,2328,701,8,0,691,1,1,0,가속수명 시험,86,initial → RPT → 가속수명×98 → RPT → 가속수명×99 → RPT → 가속수명×99 → RPT → 가속수명×99 → RPT → 가속수명×99 → RPT → 가속수명×99 → RPT×2 → 가속수명×98 → GITT,,C:\Users\Ryu\battery\python\BDT_dev\rawdata\251029_260429_05_나무늬_Q8 선상 ATL SEU4 2.9V 30CY @1-1202 - 복사본\M01Ch016[016]
251113_260113_05_나무늬_2335mAh_Q8 선상 ATL SEU4 2.9V 50CY LT @1-401,M01Ch016[016],PNE,2335,402,5,0,395,1,1,0,가속수명 시험,100,initial → RPT → 가속수명×98 → RPT → 가속수명×99 → RPT → 가속수명×99 → RPT → 가속수명×99 → RPT → GITT,,C:\Users\Ryu\battery\python\BDT_dev\rawdata\251113_260113_05_나무늬_2335mAh_Q8 선상 ATL SEU4 2.9V 50CY LT @1-401\M01Ch016[016]
251113_260113_05_나무늬_2335mAh_Q8 선상 ATL SEU4 2.9V 50CY LT @1-401,M01Ch038[038],PNE,2335,402,5,0,395,1,1,0,가속수명 시험,100,initial → RPT → 가속수명×98 → RPT → 가속수명×99 → RPT → 가속수명×99 → RPT → 가속수명×99 → RPT → GITT,,C:\Users\Ryu\battery\python\BDT_dev\rawdata\251113_260113_05_나무늬_2335mAh_Q8 선상 ATL SEU4 2.9V 50CY LT @1-401\M01Ch038[038]
251113_260113_05_나무늬_2335mAh_Q8 선상 ATL SEU4 2.9V 50CY LT @1-401,M01Ch059[059],PNE,2335,402,5,0,395,1,1,0,가속수명 시험,100,initial → RPT → 가속수명×98 → RPT → 가속수명×99 → RPT → 가속수명×99 → RPT → 가속수명×99 → RPT → GITT,,C:\Users\Ryu\battery\python\BDT_dev\rawdata\251113_260113_05_나무늬_2335mAh_Q8 선상 ATL SEU4 2.9V 50CY LT @1-401\M01Ch059[059]
251113_260213_05_나무늬_2335mAh_Q8 선상 ATL 2.9V 30CY HT @1-801,M01Ch001[001],PNE,2335,101,1,0,98,1,1,0,가속수명 시험,,initial → RPT → 가속수명×98 → GITT,,C:\Users\Ryu\battery\python\BDT_dev\rawdata\251113_260213_05_나무늬_2335mAh_Q8 선상 ATL 2.9V 30CY HT @1-801\M01Ch001[001]
251113_260213_05_나무늬_2335mAh_Q8 선상 ATL 2.9V 30CY HT @1-801,M01Ch002[002],PNE,2335,701,8,0,691,1,1,0,가속수명 시험,86,initial → RPT → 가속수명×98 → RPT → 가속수명×99 → RPT → 가속수명×99 → RPT → 가속수명×99 → RPT → 가속수명×99 → RPT → 가속수명×99 → RPT×2 → 가속수명×98 → GITT,,C:\Users\Ryu\battery\python\BDT_dev\rawdata\251113_260213_05_나무늬_2335mAh_Q8 선상 ATL 2.9V 30CY HT @1-801\M01Ch002[002]
251113_260213_05_나무늬_2335mAh_Q8 선상 ATL 2.9V 30CY HT @1-801,M01Ch034[034],PNE,2335,701,8,0,691,1,1,0,가속수명 시험,86,initial → RPT → 가속수명×98 → RPT → 가속수명×99 → RPT → 가속수명×99 → RPT → 가속수명×99 → RPT → 가속수명×99 → RPT → 가속수명×99 → RPT×2 → 가속수명×98 → GITT,,C:\Users\Ryu\battery\python\BDT_dev\rawdata\251113_260213_05_나무늬_2335mAh_Q8 선상 ATL 2.9V 30CY HT @1-801\M01Ch034[034]
251209_260209_05_나무늬_2335mAh_Q8 선상 ATL SEU4 HT @301-801,M01Ch033[033],PNE,2335,201,1,0,198,1,1,0,가속수명 시험,,initial → 가속수명×99 → RPT → 가속수명×99 → GITT,,C:\Users\Ryu\battery\python\BDT_dev\rawdata\251209_260209_05_나무늬_2335mAh_Q8 선상 ATL SEU4 HT @301-801\M01Ch033[033]
251209_260209_05_나무늬_2335mAh_Q8 선상 ATL SEU4 HT @301-801,M01Ch036[036],PNE,2335,201,1,0,198,1,1,0,가속수명 시험,,initial → 가속수명×99 → RPT → 가속수명×99 → GITT,,C:\Users\Ryu\battery\python\BDT_dev\rawdata\251209_260209_05_나무늬_2335mAh_Q8 선상 ATL SEU4 HT @301-801\M01Ch036[036]
251209_260209_05_나무늬_2335mAh_Q8 선상 ATL SEU4 HT @301-801,M01Ch037[037],PNE,2335,201,1,0,198,1,1,0,가속수명 시험,,initial → 가속수명×99 → RPT → 가속수명×99 → GITT,,C:\Users\Ryu\battery\python\BDT_dev\rawdata\251209_260209_05_나무늬_2335mAh_Q8 선상 ATL SEU4 HT @301-801\M01Ch037[037]
251218_251230_00_박민희_3-45mAh_M1 ATL Cathode Half T23,M01Ch016[016],PNE,45,5,3,0,0,0,2,0,RPT 전용,1,initial×2 → RPT×3,,C:\Users\Ryu\battery\python\BDT_dev\rawdata\251218_251230_00_박민희_3-45mAh_M1 ATL Cathode Half T23\M01Ch016[016]
251218_251230_00_박민희_3-45mAh_M1 ATL Cathode Half T23,M01Ch017[017],PNE,45,5,3,0,0,0,2,0,RPT 전용,1,initial×2 → RPT×3,,C:\Users\Ryu\battery\python\BDT_dev\rawdata\251218_251230_00_박민희_3-45mAh_M1 ATL Cathode Half T23\M01Ch017[017]
251218_251230_00_박민희_3-45mAh_M1 ATL Cathode Half T23,M01Ch018[018],PNE,45,5,3,0,0,0,2,0,RPT 전용,1,initial×2 → RPT×3,,C:\Users\Ryu\battery\python\BDT_dev\rawdata\251218_251230_00_박민희_3-45mAh_M1 ATL Cathode Half T23\M01Ch018[018]
251218_251230_00_박민희_3-45mAh_M1 ATL Cathode Half T23,M01Ch019[019],PNE,45,5,3,0,0,0,2,0,RPT 전용,1,initial×2 → RPT×3,,C:\Users\Ryu\battery\python\BDT_dev\rawdata\251218_251230_00_박민희_3-45mAh_M1 ATL Cathode Half T23\M01Ch019[019]
251218_251230_00_박민희_3-45mAh_M1 ATL Cathode Half T23,M01Ch020[020],PNE,45,5,3,0,0,0,2,0,RPT 전용,1,initial×2 → RPT×3,,C:\Users\Ryu\battery\python\BDT_dev\rawdata\251218_251230_00_박민희_3-45mAh_M1 ATL Cathode Half T23\M01Ch020[020]
251218_251230_00_박민희_3-45mAh_M1 ATL Cathode Half T23,M01Ch021[021],PNE,45,5,3,0,0,0,2,0,RPT 전용,1,initial×2 → RPT×3,,C:\Users\Ryu\battery\python\BDT_dev\rawdata\251218_251230_00_박민희_3-45mAh_M1 ATL Cathode Half T23\M01Ch021[021]
251218_251230_00_박민희_3-45mAh_M1 ATL Cathode Half T23,M01Ch022[022],PNE,45,5,3,0,0,0,2,0,RPT 전용,1,initial×2 → RPT×3,,C:\Users\Ryu\battery\python\BDT_dev\rawdata\251218_251230_00_박민희_3-45mAh_M1 ATL Cathode Half T23\M01Ch022[022]
251218_251230_00_박민희_3-45mAh_M1 ATL Cathode Half T23,M01Ch023[023],PNE,45,5,3,0,0,0,2,0,RPT 전용,1,initial×2 → RPT×3,,C:\Users\Ryu\battery\python\BDT_dev\rawdata\251218_251230_00_박민희_3-45mAh_M1 ATL Cathode Half T23\M01Ch023[023]
251218_251230_00_박민희_4-04mAh_M1 ATL Anode Half T23,M01Ch024[024],PNE,4,5,3,0,0,0,2,0,RPT 전용,1,initial×2 → RPT×3,,C:\Users\Ryu\battery\python\BDT_dev\rawdata\251218_251230_00_박민희_4-04mAh_M1 ATL Anode Half T23\M01Ch024[024]
251218_251230_00_박민희_4-04mAh_M1 ATL Anode Half T23,M01Ch025[025],PNE,4,5,3,0,0,0,2,0,RPT 전용,1,initial×2 → RPT×3,,C:\Users\Ryu\battery\python\BDT_dev\rawdata\251218_251230_00_박민희_4-04mAh_M1 ATL Anode Half T23\M01Ch025[025]
251218_251230_00_박민희_4-04mAh_M1 ATL Anode Half T23,M01Ch026[026],PNE,4,5,3,0,0,0,2,0,RPT 전용,1,initial×2 → RPT×3,,C:\Users\Ryu\battery\python\BDT_dev\rawdata\251218_251230_00_박민희_4-04mAh_M1 ATL Anode Half T23\M01Ch026[026]
251218_251230_00_박민희_4-04mAh_M1 ATL Anode Half T23,M01Ch028[028],PNE,4,5,3,0,0,0,2,0,RPT 전용,1,initial×2 → RPT×3,,C:\Users\Ryu\battery\python\BDT_dev\rawdata\251218_251230_00_박민희_4-04mAh_M1 ATL Anode Half T23\M01Ch028[028]
251218_251230_00_박민희_4-04mAh_M1 ATL Anode Half T23,M01Ch029[029],PNE,4,5,3,0,0,0,2,0,RPT 전용,1,initial×2 → RPT×3,,C:\Users\Ryu\battery\python\BDT_dev\rawdata\251218_251230_00_박민희_4-04mAh_M1 ATL Anode Half T23\M01Ch029[029]
251218_251230_00_박민희_4-04mAh_M1 ATL Anode Half T23,M01Ch030[030],PNE,4,5,3,0,0,0,2,0,RPT 전용,1,initial×2 → RPT×3,,C:\Users\Ryu\battery\python\BDT_dev\rawdata\251218_251230_00_박민희_4-04mAh_M1 ATL Anode Half T23\M01Ch030[030]
251218_251230_00_박민희_4-04mAh_M1 ATL Anode Half T23,M01Ch031[031],PNE,4,5,3,0,0,0,2,0,RPT 전용,1,initial×2 → RPT×3,,C:\Users\Ryu\battery\python\BDT_dev\rawdata\251218_251230_00_박민희_4-04mAh_M1 ATL Anode Half T23\M01Ch031[031]
251218_251230_00_박민희_4-04mAh_M1 ATL Anode Half T23,M01Ch032[032],PNE,4,5,3,0,0,0,2,0,RPT 전용,1,initial×2 → RPT×3,,C:\Users\Ryu\battery\python\BDT_dev\rawdata\251218_251230_00_박민희_4-04mAh_M1 ATL Anode Half T23\M01Ch032[032]
251224_260110_00_박민희_3-45mAh_M1 ATL Cathode Half T23 GITT 0.1C,M01Ch016[016],PNE,45,20,0,0,0,1,19,0,기타,,initial×2 → GITT → initial×17,,C:\Users\Ryu\battery\python\BDT_dev\rawdata\251224_260110_00_박민희_3-45mAh_M1 ATL Cathode Half T23 GITT 0.1C\M01Ch016[016]
251224_260110_00_박민희_3-45mAh_M1 ATL Cathode Half T23 GITT 0.1C,M01Ch017[017],PNE,45,21,0,0,0,1,20,0,기타,,initial×2 → GITT → initial×18,,C:\Users\Ryu\battery\python\BDT_dev\rawdata\251224_260110_00_박민희_3-45mAh_M1 ATL Cathode Half T23 GITT 0.1C\M01Ch017[017]
251224_260110_00_박민희_3-45mAh_M1 ATL Cathode Half T23 GITT 0.1C,M01Ch018[018],PNE,45,20,0,0,0,1,19,0,기타,,initial×2 → GITT → initial×17,,C:\Users\Ryu\battery\python\BDT_dev\rawdata\251224_260110_00_박민희_3-45mAh_M1 ATL Cathode Half T23 GITT 0.1C\M01Ch018[018]
251224_260110_00_박민희_3-45mAh_M1 ATL Cathode Half T23 GITT 0.1C,M01Ch019[019],PNE,45,20,0,0,0,1,19,0,기타,,initial×2 → GITT → initial×17,,C:\Users\Ryu\battery\python\BDT_dev\rawdata\251224_260110_00_박민희_3-45mAh_M1 ATL Cathode Half T23 GITT 0.1C\M01Ch019[019]
251224_260110_00_박민희_3-45mAh_M1 ATL Cathode Half T23 GITT 0.1C,M01Ch020[020],PNE,45,21,0,0,0,1,20,0,기타,,initial×2 → GITT → initial×18,,C:\Users\Ryu\battery\python\BDT_dev\rawdata\251224_260110_00_박민희_3-45mAh_M1 ATL Cathode Half T23 GITT 0.1C\M01Ch020[020]
251224_260110_00_박민희_3-45mAh_M1 ATL Cathode Half T23 GITT 0.1C,M01Ch021[021],PNE,45,21,0,0,0,1,20,0,기타,,initial×2 → GITT → initial×18,,C:\Users\Ryu\battery\python\BDT_dev\rawdata\251224_260110_00_박민희_3-45mAh_M1 ATL Cathode Half T23 GITT 0.1C\M01Ch021[021]
251224_260110_00_박민희_3-45mAh_M1 ATL Cathode Half T23 GITT 0.1C,M01Ch022[022],PNE,45,20,0,0,0,1,19,0,기타,,initial×2 → GITT → initial×17,,C:\Users\Ryu\battery\python\BDT_dev\rawdata\251224_260110_00_박민희_3-45mAh_M1 ATL Cathode Half T23 GITT 0.1C\M01Ch022[022]
251224_260110_00_박민희_3-45mAh_M1 ATL Cathode Half T23 GITT 0.1C,M01Ch023[023],PNE,45,21,0,0,0,1,20,0,기타,,initial×2 → GITT → initial×18,,C:\Users\Ryu\battery\python\BDT_dev\rawdata\251224_260110_00_박민희_3-45mAh_M1 ATL Cathode Half T23 GITT 0.1C\M01Ch023[023]
251224_260110_00_박민희_4-04mAh_M1 ATL Anode Half T23 GITT 0.05C 3.0V,M01Ch029[029],PNE,4,3,0,0,0,1,2,0,GITT 시험,,initial×2 → GITT,,C:\Users\Ryu\battery\python\BDT_dev\rawdata\251224_260110_00_박민희_4-04mAh_M1 ATL Anode Half T23 GITT 0.05C 3.0V\M01Ch029[029]
251224_260110_00_박민희_4-04mAh_M1 ATL Anode Half T23 GITT 0.05C 3.0V,M01Ch031[031],PNE,4,3,0,0,0,1,2,0,GITT 시험,,initial×2 → GITT,,C:\Users\Ryu\battery\python\BDT_dev\rawdata\251224_260110_00_박민희_4-04mAh_M1 ATL Anode Half T23 GITT 0.05C 3.0V\M01Ch031[031]
251224_260110_00_박민희_4-04mAh_M1 ATL Anode Half T23 GITT 0.05C 3.0V,M01Ch032[032],PNE,4,3,0,0,0,1,2,0,GITT 시험,,initial×2 → GITT,,C:\Users\Ryu\battery\python\BDT_dev\rawdata\251224_260110_00_박민희_4-04mAh_M1 ATL Anode Half T23 GITT 0.05C 3.0V\M01Ch032[032]
251224_260110_00_박민희_4-04mAh_M1 ATL Anode Half T23 GITT 0.1C,M01Ch024[024],PNE,4,4,0,0,0,1,3,0,기타,,initial×2 → GITT → initial,,C:\Users\Ryu\battery\python\BDT_dev\rawdata\251224_260110_00_박민희_4-04mAh_M1 ATL Anode Half T23 GITT 0.1C\M01Ch024[024]
251224_260110_00_박민희_4-04mAh_M1 ATL Anode Half T23 GITT 0.1C,M01Ch025[025],PNE,4,3,0,0,0,1,2,0,GITT 시험,,initial×2 → GITT,,C:\Users\Ryu\battery\python\BDT_dev\rawdata\251224_260110_00_박민희_4-04mAh_M1 ATL Anode Half T23 GITT 0.1C\M01Ch025[025]
251224_260110_00_박민희_4-04mAh_M1 ATL Anode Half T23 GITT 0.1C,M01Ch028[028],PNE,4,3,0,0,0,1,2,0,GITT 시험,,initial×2 → GITT,,C:\Users\Ryu\battery\python\BDT_dev\rawdata\251224_260110_00_박민희_4-04mAh_M1 ATL Anode Half T23 GITT 0.1C\M01Ch028[028]
260102_260630_03_홍승기_2335mAh_Q8 선상 ATL 2.9V 30Cy LT @1-400,M01Ch009[009],PNE,2335,301,3,0,296,1,1,0,가속수명 시험,100,initial → RPT → 가속수명×98 → RPT → 가속수명×99 → RPT → 가속수명×99 → GITT,,C:\Users\Ryu\battery\python\BDT_dev\rawdata\260102_260630_03_홍승기_2335mAh_Q8 선상 ATL 2.9V 30Cy LT @1-400\M01Ch009[009]
260102_260630_03_홍승기_2335mAh_Q8 선상 ATL 2.9V 30Cy LT @1-400,M01Ch010[010],PNE,2335,301,3,0,296,1,1,0,가속수명 시험,100,initial → RPT → 가속수명×98 → RPT → 가속수명×99 → RPT → 가속수명×99 → GITT,,C:\Users\Ryu\battery\python\BDT_dev\rawdata\260102_260630_03_홍승기_2335mAh_Q8 선상 ATL 2.9V 30Cy LT @1-400\M01Ch010[010]
260102_260630_03_홍승기_2335mAh_Q8 선상 ATL 2.9V 30Cy LT @1-400,M01Ch011[011],PNE,2335,301,3,0,296,1,1,0,가속수명 시험,100,initial → RPT → 가속수명×98 → RPT → 가속수명×99 → RPT → 가속수명×99 → GITT,,C:\Users\Ryu\battery\python\BDT_dev\rawdata\260102_260630_03_홍승기_2335mAh_Q8 선상 ATL 2.9V 30Cy LT @1-400\M01Ch011[011]
260115_260630_02_홍승기_2335mAh_Q8 선상 ATL SEU4 HT@1-802,M01Ch033[033],PNE,2335,264,3,0,260,0,1,0,가속수명 시험,100,initial → RPT → 가속수명×98 → RPT → 가속수명×99 → RPT → 가속수명×63,,C:\Users\Ryu\battery\python\BDT_dev\rawdata\260115_260630_02_홍승기_2335mAh_Q8 선상 ATL SEU4 HT@1-802\M01Ch033[033]
260115_260630_02_홍승기_2335mAh_Q8 선상 ATL SEU4 HT@1-802,M01Ch036[036],PNE,2335,264,3,0,259,1,1,0,가속수명 시험,100,initial → RPT → 가속수명×98 → RPT → 가속수명×99 → RPT → 가속수명×62 → GITT,,C:\Users\Ryu\battery\python\BDT_dev\rawdata\260115_260630_02_홍승기_2335mAh_Q8 선상 ATL SEU4 HT@1-802\M01Ch036[036]
260115_260630_02_홍승기_2335mAh_Q8 선상 ATL SEU4 HT@1-802,M01Ch037[037],PNE,2335,264,3,0,260,0,1,0,가속수명 시험,100,initial → RPT → 가속수명×98 → RPT → 가속수명×99 → RPT → 가속수명×63,,C:\Users\Ryu\battery\python\BDT_dev\rawdata\260115_260630_02_홍승기_2335mAh_Q8 선상 ATL SEU4 HT@1-802\M01Ch037[037]
260119_260616_03_홍승기_2369mAh_Q8 ATL Main 2.0C Rss RT,M01Ch032[032],PNE,2369,56,1,1,52,1,1,0,가속수명 시험,,initial → RPT → Rss → 가속수명×52 → GITT,,C:\Users\Ryu\battery\python\BDT_dev\rawdata\260119_260616_03_홍승기_2369mAh_Q8 ATL Main 2.0C Rss RT\M01Ch032[032]
260119_260616_03_홍승기_2369mAh_Q8 ATL Main 2.0C Rss RT,M02Ch073[073],PNE,2369,192,2,2,186,1,1,0,가속수명 시험,99,initial → RPT → Rss → 가속수명×97 → RPT → Rss → 가속수명×89 → GITT,,C:\Users\Ryu\battery\python\BDT_dev\rawdata\260119_260616_03_홍승기_2369mAh_Q8 ATL Main 2.0C Rss RT\M02Ch073[073]
260119_260616_03_홍승기_2369mAh_Q8 ATL Main 2.0C Rss RT,M02Ch074[074],PNE,2369,192,2,2,186,1,1,0,가속수명 시험,99,initial → RPT → Rss → 가속수명×97 → RPT → Rss → 가속수명×89 → GITT,,C:\Users\Ryu\battery\python\BDT_dev\rawdata\260119_260616_03_홍승기_2369mAh_Q8 ATL Main 2.0C Rss RT\M02Ch074[074]
260119_260616_03_홍승기_2485mAh_Q8 ATL Sub 2.0C Rss RT,M02Ch069[069],PNE,2485,195,2,2,189,1,1,0,가속수명 시험,99,initial → RPT → Rss → 가속수명×97 → RPT → Rss → 가속수명×92 → GITT,,C:\Users\Ryu\battery\python\BDT_dev\rawdata\260119_260616_03_홍승기_2485mAh_Q8 ATL Sub 2.0C Rss RT\M02Ch069[069]
260119_260616_03_홍승기_2485mAh_Q8 ATL Sub 2.0C Rss RT,M02Ch077[077],PNE,2485,195,2,2,189,1,1,0,가속수명 시험,99,initial → RPT → Rss → 가속수명×97 → RPT → Rss → 가속수명×92 → GITT,,C:\Users\Ryu\battery\python\BDT_dev\rawdata\260119_260616_03_홍승기_2485mAh_Q8 ATL Sub 2.0C Rss RT\M02Ch077[077]
260119_260616_03_홍승기_2485mAh_Q8 ATL Sub 2.0C Rss RT,M02Ch081[081],PNE,2485,194,2,2,189,0,1,0,가속수명 시험,99,initial → RPT → Rss → 가속수명×97 → RPT → Rss → 가속수명×92,,C:\Users\Ryu\battery\python\BDT_dev\rawdata\260119_260616_03_홍승기_2485mAh_Q8 ATL Sub 2.0C Rss RT\M02Ch081[081]
260119_260616_03_홍승기_2485mAh_Q8 ATL Sub 2C 2.9V 100Cy,M01Ch020[020],PNE,2485,190,2,0,186,1,1,0,가속수명 시험,99,initial → RPT → 가속수명×98 → RPT → 가속수명×88 → GITT,,C:\Users\Ryu\battery\python\BDT_dev\rawdata\260119_260616_03_홍승기_2485mAh_Q8 ATL Sub 2C 2.9V 100Cy\M01Ch020[020]
260119_260616_03_홍승기_2485mAh_Q8 ATL Sub 2C 2.9V 100Cy,M02Ch065[065],PNE,2485,190,2,0,187,0,1,0,가속수명 시험,99,initial → RPT → 가속수명×98 → RPT → 가속수명×89,,C:\Users\Ryu\battery\python\BDT_dev\rawdata\260119_260616_03_홍승기_2485mAh_Q8 ATL Sub 2C 2.9V 100Cy\M02Ch065[065]
260119_260616_03_홍승기_2485mAh_Q8 ATL Sub 2C 2.9V 100Cy,M02Ch066[066],PNE,2485,190,2,0,187,0,1,0,가속수명 시험,99,initial → RPT → 가속수명×98 → RPT → 가속수명×89,,C:\Users\Ryu\battery\python\BDT_dev\rawdata\260119_260616_03_홍승기_2485mAh_Q8 ATL Sub 2C 2.9V 100Cy\M02Ch066[066]
260126_260630_3_홍승기_2485mAh_Q8 ATL Sub 2_9V 100cy test HT 1to100cy-2,103,Toyo,2485,101,1,0,98,0,1,1,가속수명 시험,,initial → RPT → 가속수명×98 → unknown,,C:\Users\Ryu\battery\python\BDT_dev\rawdata\260126_260630_3_홍승기_2485mAh_Q8 ATL Sub 2_9V 100cy test HT 1to100cy-2\103
260126_260630_3_홍승기_2485mAh_Q8 ATL Sub 2_9V 100cy test HT 1to100cy-2,106,Toyo,2485,101,1,0,98,0,1,1,가속수명 시험,,initial → RPT → 가속수명×98 → unknown,,C:\Users\Ryu\battery\python\BDT_dev\rawdata\260126_260630_3_홍승기_2485mAh_Q8 ATL Sub 2_9V 100cy test HT 1to100cy-2\106
260126_260630_3_홍승기_2485mAh_Q8 ATL Sub 2_9V 100cy test HT 1to100cy-2,107,Toyo,2485,101,1,0,98,0,1,1,가속수명 시험,,initial → RPT → 가속수명×98 → unknown,,C:\Users\Ryu\battery\python\BDT_dev\rawdata\260126_260630_3_홍승기_2485mAh_Q8 ATL Sub 2_9V 100cy test HT 1to100cy-2\107
260130_260630_03_홍승기_2369mAh_Q8 Main 2C Rss RT CH32 57Cy-RE,M02Ch105[105],PNE,2369,47,1,0,45,1,0,0,가속수명 시험,,가속수명×45 → RPT → GITT,,C:\Users\Ryu\battery\python\BDT_dev\rawdata\260130_260630_03_홍승기_2369mAh_Q8 Main 2C Rss RT CH32 57Cy-RE\M02Ch105[105]
260130_260630_03_홍승기_3456mAh_Q8 Main 2C Rss RT CH32 57Cy-RE,M02Ch105[105],PNE,3456,47,1,0,45,1,0,0,가속수명 시험,,가속수명×45 → RPT → GITT,,C:\Users\Ryu\battery\python\BDT_dev\rawdata\260130_260630_03_홍승기_3456mAh_Q8 Main 2C Rss RT CH32 57Cy-RE\M02Ch105[105]
260130_260630_03_홍승기_Q8 Main 2C Rss RT CH32 57Cy-RE,M02Ch105[105],PNE,23685,47,1,0,45,1,0,0,가속수명 시험,,가속수명×45 → RPT → GITT,,C:\Users\Ryu\battery\python\BDT_dev\rawdata\260130_260630_03_홍승기_Q8 Main 2C Rss RT CH32 57Cy-RE\M02Ch105[105]
260209_260630_2_홍승기_2485mAh_Q8 ATL Sub 2_9V 100cy test HT 100to199cy re3,103,Toyo,2485,100,1,0,99,0,0,0,가속수명 시험,,RPT → 가속수명×99,,C:\Users\Ryu\battery\python\BDT_dev\rawdata\260209_260630_2_홍승기_2485mAh_Q8 ATL Sub 2_9V 100cy test HT 100to199cy re3\103
260209_260630_2_홍승기_2485mAh_Q8 ATL Sub 2_9V 100cy test HT 100to199cy re3,106,Toyo,2485,100,1,0,99,0,0,0,가속수명 시험,,RPT → 가속수명×99,,C:\Users\Ryu\battery\python\BDT_dev\rawdata\260209_260630_2_홍승기_2485mAh_Q8 ATL Sub 2_9V 100cy test HT 100to199cy re3\106
260209_260630_2_홍승기_2485mAh_Q8 ATL Sub 2_9V 100cy test HT 100to199cy re3,107,Toyo,2485,100,1,0,99,0,0,0,가속수명 시험,,RPT → 가속수명×99,,C:\Users\Ryu\battery\python\BDT_dev\rawdata\260209_260630_2_홍승기_2485mAh_Q8 ATL Sub 2_9V 100cy test HT 100to199cy re3\107
A1_MP1_4500mAh_T23_1,M02Ch073[073],PNE,4500,601,6,12,581,1,1,0,가속수명 시험,100,initial → RPT → Rss×2 → 가속수명×97 → RPT → Rss×2 → 가속수명×97 → RPT → Rss×2 → 가속수명×96 → RPT → Rss×2 → 가속수명×97 → RPT → Rss×2 → 가속수명×97 → RPT → Rss×2 → 가속수명×97 → GITT,,C:\Users\Ryu\battery\python\BDT_dev\rawdata\A1_MP1_4500mAh_T23_1\M02Ch073[073]
A1_MP1_4500mAh_T23_1,M02Ch074[074],PNE,4500,601,6,12,581,1,1,0,가속수명 시험,100,initial → RPT → Rss×2 → 가속수명×97 → RPT → Rss×2 → 가속수명×97 → RPT → Rss×2 → 가속수명×96 → RPT → Rss×2 → 가속수명×97 → RPT → Rss×2 → 가속수명×97 → RPT → Rss×2 → 가속수명×97 → GITT,,C:\Users\Ryu\battery\python\BDT_dev\rawdata\A1_MP1_4500mAh_T23_1\M02Ch074[074]
A1_MP1_4500mAh_T23_2,M02Ch073[073],PNE,4500,402,8,8,384,1,1,0,가속수명 시험,43,initial → RPT → Rss×2 → RPT → 가속수명×96 → RPT → Rss×2 → RPT → 가속수명×96 → RPT → Rss×2 → RPT → 가속수명×96 → RPT → Rss×2 → RPT → 가속수명×96 → GITT,,C:\Users\Ryu\battery\python\BDT_dev\rawdata\A1_MP1_4500mAh_T23_2\M02Ch073[073]
A1_MP1_4500mAh_T23_2,M02Ch074[074],PNE,4500,402,8,8,384,1,1,0,가속수명 시험,43,initial → RPT → Rss×2 → RPT → 가속수명×96 → RPT → Rss×2 → RPT → 가속수명×96 → RPT → Rss×2 → RPT → 가속수명×96 → RPT → Rss×2 → RPT → 가속수명×96 → GITT,,C:\Users\Ryu\battery\python\BDT_dev\rawdata\A1_MP1_4500mAh_T23_2\M02Ch074[074]
A1_MP1_4500mAh_T23_3,M02Ch073[073],PNE,4500,1002,22,20,960,0,0,0,가속수명 시험,48,RPT×2 → Rss×2 → 가속수명×96 → RPT×2 → Rss×2 → 가속수명×96 → RPT×2 → Rss×2 → 가속수명×96 → RPT×2 → Rss×2 → 가속수명×96 → RPT×2 → Rss×2 → 가속수명×96 → RPT×2 → Rss×2 → 가속수명×96 → RPT×2 → Rss×2 → 가속수명×96 → RPT×2 → Rss×2 → 가속수명×96 → RPT×2 → Rss×2 → 가속수명×96 → RPT×2 → Rss×2 → 가속수명×96 → RPT×2,,C:\Users\Ryu\battery\python\BDT_dev\rawdata\A1_MP1_4500mAh_T23_3\M02Ch073[073]
A1_MP1_4500mAh_T23_3,M02Ch074[074],PNE,4500,1002,22,20,960,0,0,0,가속수명 시험,48,RPT×2 → Rss×2 → 가속수명×96 → RPT×2 → Rss×2 → 가속수명×96 → RPT×2 → Rss×2 → 가속수명×96 → RPT×2 → Rss×2 → 가속수명×96 → RPT×2 → Rss×2 → 가속수명×96 → RPT×2 → Rss×2 → 가속수명×96 → RPT×2 → Rss×2 → 가속수명×96 → RPT×2 → Rss×2 → 가속수명×96 → RPT×2 → Rss×2 → 가속수명×96 → RPT×2 → Rss×2 → 가속수명×96 → RPT×2,,C:\Users\Ryu\battery\python\BDT_dev\rawdata\A1_MP1_4500mAh_T23_3\M02Ch074[074]
Dateset_A1_Gen4 2C ATL MP2 [45V 4470mAh] [23] blk2,81,Toyo,4470,201,3,0,198,0,0,0,가속수명 시험,100,RPT → 가속수명×99 → RPT → 가속수명×99 → RPT,,C:\Users\Ryu\battery\python\BDT_dev\rawdata\Dateset_A1_Gen4 2C ATL MP2 [45V 4470mAh] [23] blk2\81
Dateset_A1_Gen4 2C ATL MP2 [45V 4470mAh] [23] blk2,82,Toyo,4470,201,3,0,198,0,0,0,가속수명 시험,100,RPT → 가속수명×99 → RPT → 가속수명×99 → RPT,,C:\Users\Ryu\battery\python\BDT_dev\rawdata\Dateset_A1_Gen4 2C ATL MP2 [45V 4470mAh] [23] blk2\82
Gen4 2C ATL MP2 [45V 4470mAh] [23] blk7 - 240131,11,Toyo,4470,1202,13,0,1188,0,0,1,가속수명 시험,100,RPT → 가속수명×99 → RPT → 가속수명×99 → RPT → 가속수명×99 → RPT → 가속수명×99 → RPT → 가속수명×99 → RPT → 가속수명×99 → RPT → 가속수명×99 → RPT → 가속수명×99 → RPT → 가속수명×99 → RPT → 가속수명×99 → RPT → 가속수명×99 → RPT → 가속수명×99 → RPT → unknown,,C:\Users\Ryu\battery\python\BDT_dev\rawdata\Gen4 2C ATL MP2 [45V 4470mAh] [23] blk7 - 240131\11
Gen4 2C ATL MP2 [45V 4470mAh] [23] blk7 - 240131,12,Toyo,4470,1202,13,0,1188,0,0,1,가속수명 시험,100,RPT → 가속수명×99 → RPT → 가속수명×99 → RPT → 가속수명×99 → RPT → 가속수명×99 → RPT → 가속수명×99 → RPT → 가속수명×99 → RPT → 가속수명×99 → RPT → 가속수명×99 → RPT → 가속수명×99 → RPT → 가속수명×99 → RPT → 가속수명×99 → RPT → 가속수명×99 → RPT → unknown,,C:\Users\Ryu\battery\python\BDT_dev\rawdata\Gen4 2C ATL MP2 [45V 4470mAh] [23] blk7 - 240131\12
Gen4 2C ATL MP2 [45V 4470mAh] [23] blk7 - 240131,13,Toyo,4470,1202,13,0,1188,0,0,1,가속수명 시험,100,RPT → 가속수명×99 → RPT → 가속수명×99 → RPT → 가속수명×99 → RPT → 가속수명×99 → RPT → 가속수명×99 → RPT → 가속수명×99 → RPT → 가속수명×99 → RPT → 가속수명×99 → RPT → 가속수명×99 → RPT → 가속수명×99 → RPT → 가속수명×99 → RPT → 가속수명×99 → RPT → unknown,,C:\Users\Ryu\battery\python\BDT_dev\rawdata\Gen4 2C ATL MP2 [45V 4470mAh] [23] blk7 - 240131\13
Gen4 2C ATL MP2 [45V 4470mAh] [23] blk7 - 240131,14,Toyo,4470,1202,13,0,1188,0,0,1,가속수명 시험,100,RPT → 가속수명×99 → RPT → 가속수명×99 → RPT → 가속수명×99 → RPT → 가속수명×99 → RPT → 가속수명×99 → RPT → 가속수명×99 → RPT → 가속수명×99 → RPT → 가속수명×99 → RPT → 가속수명×99 → RPT → 가속수명×99 → RPT → 가속수명×99 → RPT → 가속수명×99 → RPT → unknown,,C:\Users\Ryu\battery\python\BDT_dev\rawdata\Gen4 2C ATL MP2 [45V 4470mAh] [23] blk7 - 240131\14
Gen4 2C ATL MP2 [45V 4470mAh] [23] blk7 - 240131,15,Toyo,4470,1202,13,0,1188,0,0,1,가속수명 시험,100,RPT → 가속수명×99 → RPT → 가속수명×99 → RPT → 가속수명×99 → RPT → 가속수명×99 → RPT → 가속수명×99 → RPT → 가속수명×99 → RPT → 가속수명×99 → RPT → 가속수명×99 → RPT → 가속수명×99 → RPT → 가속수명×99 → RPT → 가속수명×99 → RPT → 가속수명×99 → RPT → unknown,,C:\Users\Ryu\battery\python\BDT_dev\rawdata\Gen4 2C ATL MP2 [45V 4470mAh] [23] blk7 - 240131\15
Gen4 2C ATL MP2 [45V 4470mAh] [23] blk7 - 240131,16,Toyo,4470,602,7,0,595,0,0,0,가속수명 시험,100,RPT → 가속수명×99 → RPT → 가속수명×99 → RPT → 가속수명×99 → RPT → 가속수명×99 → RPT → 가속수명×99 → RPT → 가속수명×99 → RPT → 가속수명,,C:\Users\Ryu\battery\python\BDT_dev\rawdata\Gen4 2C ATL MP2 [45V 4470mAh] [23] blk7 - 240131\16
M1 ATL [45V 4175mAh],10,Toyo,4175,433,5,0,428,0,0,0,가속수명 시험,100,RPT → 가속수명×99 → RPT → 가속수명×99 → RPT → 가속수명×99 → RPT → 가속수명×99 → RPT → 가속수명×32,,C:\Users\Ryu\battery\python\BDT_dev\rawdata\M1 ATL [45V 4175mAh]\10
M1 ATL [45V 4175mAh],100,Toyo,4175,445,5,0,440,0,0,0,가속수명 시험,100,RPT → 가속수명×99 → RPT → 가속수명×99 → RPT → 가속수명×99 → RPT → 가속수명×99 → RPT → 가속수명×44,,C:\Users\Ryu\battery\python\BDT_dev\rawdata\M1 ATL [45V 4175mAh]\100
M1 ATL [45V 4175mAh],11,Toyo,4175,435,5,0,430,0,0,0,가속수명 시험,100,RPT → 가속수명×99 → RPT → 가속수명×99 → RPT → 가속수명×99 → RPT → 가속수명×99 → RPT → 가속수명×34,,C:\Users\Ryu\battery\python\BDT_dev\rawdata\M1 ATL [45V 4175mAh]\11
M1 ATL [45V 4175mAh],15,Toyo,4175,433,5,0,428,0,0,0,가속수명 시험,100,RPT → 가속수명×99 → RPT → 가속수명×99 → RPT → 가속수명×99 → RPT → 가속수명×99 → RPT → 가속수명×32,,C:\Users\Ryu\battery\python\BDT_dev\rawdata\M1 ATL [45V 4175mAh]\15
M1 ATL [45V 4175mAh],16,Toyo,4175,434,5,0,429,0,0,0,가속수명 시험,100,RPT → 가속수명×99 → RPT → 가속수명×99 → RPT → 가속수명×99 → RPT → 가속수명×99 → RPT → 가속수명×33,,C:\Users\Ryu\battery\python\BDT_dev\rawdata\M1 ATL [45V 4175mAh]\16
M1 ATL [45V 4175mAh],22,Toyo,4175,433,5,0,428,0,0,0,가속수명 시험,100,RPT → 가속수명×99 → RPT → 가속수명×99 → RPT → 가속수명×99 → RPT → 가속수명×99 → RPT → 가속수명×32,,C:\Users\Ryu\battery\python\BDT_dev\rawdata\M1 ATL [45V 4175mAh]\22
M1 ATL [45V 4175mAh],24,Toyo,4175,434,5,0,429,0,0,0,가속수명 시험,100,RPT → 가속수명×99 → RPT → 가속수명×99 → RPT → 가속수명×99 → RPT → 가속수명×99 → RPT → 가속수명×33,,C:\Users\Ryu\battery\python\BDT_dev\rawdata\M1 ATL [45V 4175mAh]\24
M1 ATL [45V 4175mAh],27,Toyo,4175,433,5,0,428,0,0,0,가속수명 시험,100,RPT → 가속수명×99 → RPT → 가속수명×99 → RPT → 가속수명×99 → RPT → 가속수명×99 → RPT → 가속수명×32,,C:\Users\Ryu\battery\python\BDT_dev\rawdata\M1 ATL [45V 4175mAh]\27
M1 ATL [45V 4175mAh],28,Toyo,4175,432,5,0,427,0,0,0,가속수명 시험,100,RPT → 가속수명×99 → RPT → 가속수명×99 → RPT → 가속수명×99 → RPT → 가속수명×99 → RPT → 가속수명×31,,C:\Users\Ryu\battery\python\BDT_dev\rawdata\M1 ATL [45V 4175mAh]\28
M1 ATL [45V 4175mAh],3,Toyo,4175,101,2,0,99,0,0,0,가속수명 시험,100,RPT → 가속수명×99 → RPT,,C:\Users\Ryu\battery\python\BDT_dev\rawdata\M1 ATL [45V 4175mAh]\3
M1 ATL [45V 4175mAh],30,Toyo,4175,408,5,0,403,0,0,0,가속수명 시험,100,RPT → 가속수명×99 → RPT → 가속수명×99 → RPT → 가속수명×99 → RPT → 가속수명×99 → RPT → 가속수명×7,,C:\Users\Ryu\battery\python\BDT_dev\rawdata\M1 ATL [45V 4175mAh]\30
M1 ATL [45V 4175mAh],36,Toyo,4175,437,5,0,432,0,0,0,가속수명 시험,100,RPT → 가속수명×99 → RPT → 가속수명×99 → RPT → 가속수명×99 → RPT → 가속수명×99 → RPT → 가속수명×36,,C:\Users\Ryu\battery\python\BDT_dev\rawdata\M1 ATL [45V 4175mAh]\36
M1 ATL [45V 4175mAh],37,Toyo,4175,440,5,0,435,0,0,0,가속수명 시험,100,RPT → 가속수명×99 → RPT → 가속수명×99 → RPT → 가속수명×99 → RPT → 가속수명×99 → RPT → 가속수명×39,,C:\Users\Ryu\battery\python\BDT_dev\rawdata\M1 ATL [45V 4175mAh]\37
M1 ATL [45V 4175mAh],4,Toyo,4175,101,2,0,99,0,0,0,가속수명 시험,100,RPT → 가속수명×99 → RPT,,C:\Users\Ryu\battery\python\BDT_dev\rawdata\M1 ATL [45V 4175mAh]\4
M1 ATL [45V 4175mAh],5,Toyo,4175,402,5,0,397,0,0,0,가속수명 시험,100,RPT → 가속수명×99 → RPT → 가속수명×99 → RPT → 가속수명×99 → RPT → 가속수명×99 → RPT → 가속수명,,C:\Users\Ryu\battery\python\BDT_dev\rawdata\M1 ATL [45V 4175mAh]\5
M1 ATL [45V 4175mAh],6,Toyo,4175,403,5,0,398,0,0,0,가속수명 시험,100,RPT → 가속수명×99 → RPT → 가속수명×99 → RPT → 가속수명×99 → RPT → 가속수명×99 → RPT → 가속수명×2,,C:\Users\Ryu\battery\python\BDT_dev\rawdata\M1 ATL [45V 4175mAh]\6
M1 ATL [45V 4175mAh],61,Toyo,4175,437,5,0,432,0,0,0,가속수명 시험,100,RPT → 가속수명×99 → RPT → 가속수명×99 → RPT → 가속수명×99 → RPT → 가속수명×99 → RPT → 가속수명×36,,C:\Users\Ryu\battery\python\BDT_dev\rawdata\M1 ATL [45V 4175mAh]\61
M1 ATL [45V 4175mAh],63,Toyo,4175,437,5,0,432,0,0,0,가속수명 시험,100,RPT → 가속수명×99 → RPT → 가속수명×99 → RPT → 가속수명×99 → RPT → 가속수명×99 → RPT → 가속수명×36,,C:\Users\Ryu\battery\python\BDT_dev\rawdata\M1 ATL [45V 4175mAh]\63
M1 ATL [45V 4175mAh],64,Toyo,4175,435,5,0,430,0,0,0,가속수명 시험,100,RPT → 가속수명×99 → RPT → 가속수명×99 → RPT → 가속수명×99 → RPT → 가속수명×99 → RPT → 가속수명×34,,C:\Users\Ryu\battery\python\BDT_dev\rawdata\M1 ATL [45V 4175mAh]\64
M1 ATL [45V 4175mAh],66,Toyo,4175,438,5,0,433,0,0,0,가속수명 시험,100,RPT → 가속수명×99 → RPT → 가속수명×99 → RPT → 가속수명×99 → RPT → 가속수명×99 → RPT → 가속수명×37,,C:\Users\Ryu\battery\python\BDT_dev\rawdata\M1 ATL [45V 4175mAh]\66
M1 ATL [45V 4175mAh],7,Toyo,4175,436,5,0,431,0,0,0,가속수명 시험,100,RPT → 가속수명×99 → RPT → 가속수명×99 → RPT → 가속수명×99 → RPT → 가속수명×99 → RPT → 가속수명×35,,C:\Users\Ryu\battery\python\BDT_dev\rawdata\M1 ATL [45V 4175mAh]\7
M1 ATL [45V 4175mAh],8,Toyo,4175,436,5,0,431,0,0,0,가속수명 시험,100,RPT → 가속수명×99 → RPT → 가속수명×99 → RPT → 가속수명×99 → RPT → 가속수명×99 → RPT → 가속수명×35,,C:\Users\Ryu\battery\python\BDT_dev\rawdata\M1 ATL [45V 4175mAh]\8
M1 ATL [45V 4175mAh],9,Toyo,4175,435,5,0,430,0,0,0,가속수명 시험,100,RPT → 가속수명×99 → RPT → 가속수명×99 → RPT → 가속수명×99 → RPT → 가속수명×99 → RPT → 가속수명×34,,C:\Users\Ryu\battery\python\BDT_dev\rawdata\M1 ATL [45V 4175mAh]\9
M1 ATL [45V 4175mAh],99,Toyo,4175,443,5,0,438,0,0,0,가속수명 시험,100,RPT → 가속수명×99 → RPT → 가속수명×99 → RPT → 가속수명×99 → RPT → 가속수명×99 → RPT → 가속수명×42,,C:\Users\Ryu\battery\python\BDT_dev\rawdata\M1 ATL [45V 4175mAh]\99
Q7M Inner ATL_45V 1689mAh BLK1 20EA [23] - 250304,11,Toyo,1689,1000,11,0,989,0,0,0,가속수명 시험,100,RPT → 가속수명×98 → RPT → 가속수명×99 → RPT → 가속수명×99 → RPT → 가속수명×99 → RPT → 가속수명×99 → RPT → 가속수명×99 → RPT → 가속수명×99 → RPT → 가속수명×99 → RPT → 가속수명×99 → RPT → 가속수명×99 → RPT,,C:\Users\Ryu\battery\python\BDT_dev\rawdata\Q7M Inner ATL_45V 1689mAh BLK1 20EA [23] - 250304\11
Q7M Inner ATL_45V 1689mAh BLK1 20EA [23] - 250304,23,Toyo,1689,1000,11,0,989,0,0,0,가속수명 시험,100,RPT → 가속수명×98 → RPT → 가속수명×99 → RPT → 가속수명×99 → RPT → 가속수명×99 → RPT → 가속수명×99 → RPT → 가속수명×99 → RPT → 가속수명×99 → RPT → 가속수명×99 → RPT → 가속수명×99 → RPT → 가속수명×99 → RPT,,C:\Users\Ryu\battery\python\BDT_dev\rawdata\Q7M Inner ATL_45V 1689mAh BLK1 20EA [23] - 250304\23
Q7M Inner ATL_45V 1689mAh BLK1 20EA [23] - 250304,24,Toyo,1689,1000,11,0,989,0,0,0,가속수명 시험,100,RPT → 가속수명×98 → RPT → 가속수명×99 → RPT → 가속수명×99 → RPT → 가속수명×99 → RPT → 가속수명×99 → RPT → 가속수명×99 → RPT → 가속수명×99 → RPT → 가속수명×99 → RPT → 가속수명×99 → RPT → 가속수명×99 → RPT,,C:\Users\Ryu\battery\python\BDT_dev\rawdata\Q7M Inner ATL_45V 1689mAh BLK1 20EA [23] - 250304\24
Q7M Inner ATL_45V 1689mAh BLK1 20EA [23] - 250304,33,Toyo,1689,1000,11,0,989,0,0,0,가속수명 시험,100,RPT → 가속수명×98 → RPT → 가속수명×99 → RPT → 가속수명×99 → RPT → 가속수명×99 → RPT → 가속수명×99 → RPT → 가속수명×99 → RPT → 가속수명×99 → RPT → 가속수명×99 → RPT → 가속수명×99 → RPT → 가속수명×99 → RPT,,C:\Users\Ryu\battery\python\BDT_dev\rawdata\Q7M Inner ATL_45V 1689mAh BLK1 20EA [23] - 250304\33
Q7M Inner ATL_45V 1689mAh BLK1 20EA [23] - 250304,36,Toyo,1689,1000,11,0,989,0,0,0,가속수명 시험,100,RPT → 가속수명×98 → RPT → 가속수명×99 → RPT → 가속수명×99 → RPT → 가속수명×99 → RPT → 가속수명×99 → RPT → 가속수명×99 → RPT → 가속수명×99 → RPT → 가속수명×99 → RPT → 가속수명×99 → RPT → 가속수명×99 → RPT,,C:\Users\Ryu\battery\python\BDT_dev\rawdata\Q7M Inner ATL_45V 1689mAh BLK1 20EA [23] - 250304\36
Q7M Inner ATL_45V 1689mAh BLK1 20EA [23] - 250304,38,Toyo,1689,1000,11,0,989,0,0,0,가속수명 시험,100,RPT → 가속수명×98 → RPT → 가속수명×99 → RPT → 가속수명×99 → RPT → 가속수명×99 → RPT → 가속수명×99 → RPT → 가속수명×99 → RPT → 가속수명×99 → RPT → 가속수명×99 → RPT → 가속수명×99 → RPT → 가속수명×99 → RPT,,C:\Users\Ryu\battery\python\BDT_dev\rawdata\Q7M Inner ATL_45V 1689mAh BLK1 20EA [23] - 250304\38
Q7M Inner ATL_45V 1689mAh BLK1 20EA [23] - 250304,50,Toyo,1689,1000,11,0,989,0,0,0,가속수명 시험,100,RPT → 가속수명×98 → RPT → 가속수명×99 → RPT → 가속수명×99 → RPT → 가속수명×99 → RPT → 가속수명×99 → RPT → 가속수명×99 → RPT → 가속수명×99 → RPT → 가속수명×99 → RPT → 가속수명×99 → RPT → 가속수명×99 → RPT,,C:\Users\Ryu\battery\python\BDT_dev\rawdata\Q7M Inner ATL_45V 1689mAh BLK1 20EA [23] - 250304\50
Q7M Inner ATL_45V 1689mAh BLK1 20EA [23] - 250304,52,Toyo,1689,1001,11,0,990,0,0,0,가속수명 시험,100,RPT → 가속수명×98 → RPT → 가속수명×99 → RPT → 가속수명×99 → RPT → 가속수명×99 → RPT → 가속수명×99 → RPT → 가속수명×99 → RPT → 가속수명×99 → RPT → 가속수명×99 → RPT → 가속수명×99 → RPT → 가속수명×99 → RPT → 가속수명,,C:\Users\Ryu\battery\python\BDT_dev\rawdata\Q7M Inner ATL_45V 1689mAh BLK1 20EA [23] - 250304\52
Q7M Inner ATL_45V 1689mAh BLK1 20EA [23] - 250304,54,Toyo,1689,1001,11,0,990,0,0,0,가속수명 시험,100,RPT → 가속수명×98 → RPT → 가속수명×99 → RPT → 가속수명×99 → RPT → 가속수명×99 → RPT → 가속수명×99 → RPT → 가속수명×99 → RPT → 가속수명×99 → RPT → 가속수명×99 → RPT → 가속수명×99 → RPT → 가속수명×99 → RPT → 가속수명,,C:\Users\Ryu\battery\python\BDT_dev\rawdata\Q7M Inner ATL_45V 1689mAh BLK1 20EA [23] - 250304\54
Q7M Inner ATL_45V 1689mAh BLK1 20EA [23] - 250304,55,Toyo,1689,1000,11,0,989,0,0,0,가속수명 시험,100,RPT → 가속수명×98 → RPT → 가속수명×99 → RPT → 가속수명×99 → RPT → 가속수명×99 → RPT → 가속수명×99 → RPT → 가속수명×99 → RPT → 가속수명×99 → RPT → 가속수명×99 → RPT → 가속수명×99 → RPT → 가속수명×99 → RPT,,C:\Users\Ryu\battery\python\BDT_dev\rawdata\Q7M Inner ATL_45V 1689mAh BLK1 20EA [23] - 250304\55
Q7M Inner ATL_45V 1689mAh BLK1 20EA [23] - 250304,56,Toyo,1689,1001,11,0,990,0,0,0,가속수명 시험,100,RPT → 가속수명×98 → RPT → 가속수명×99 → RPT → 가속수명×99 → RPT → 가속수명×99 → RPT → 가속수명×99 → RPT → 가속수명×99 → RPT → 가속수명×99 → RPT → 가속수명×99 → RPT → 가속수명×99 → RPT → 가속수명×99 → RPT → 가속수명,,C:\Users\Ryu\battery\python\BDT_dev\rawdata\Q7M Inner ATL_45V 1689mAh BLK1 20EA [23] - 250304\56
Q7M Inner ATL_45V 1689mAh BLK1 20EA [23] - 250304,58,Toyo,1689,1000,11,0,989,0,0,0,가속수명 시험,100,RPT → 가속수명×98 → RPT → 가속수명×99 → RPT → 가속수명×99 → RPT → 가속수명×99 → RPT → 가속수명×99 → RPT → 가속수명×99 → RPT → 가속수명×99 → RPT → 가속수명×99 → RPT → 가속수명×99 → RPT → 가속수명×99 → RPT,,C:\Users\Ryu\battery\python\BDT_dev\rawdata\Q7M Inner ATL_45V 1689mAh BLK1 20EA [23] - 250304\58
Q7M Inner ATL_45V 1689mAh BLK1 20EA [23] - 250304,59,Toyo,1689,1000,11,0,989,0,0,0,가속수명 시험,100,RPT → 가속수명×98 → RPT → 가속수명×99 → RPT → 가속수명×99 → RPT → 가속수명×99 → RPT → 가속수명×99 → RPT → 가속수명×99 → RPT → 가속수명×99 → RPT → 가속수명×99 → RPT → 가속수명×99 → RPT → 가속수명×99 → RPT,,C:\Users\Ryu\battery\python\BDT_dev\rawdata\Q7M Inner ATL_45V 1689mAh BLK1 20EA [23] - 250304\59
Q7M Inner ATL_45V 1689mAh BLK1 20EA [23] - 250304,60,Toyo,1689,1000,11,0,989,0,0,0,가속수명 시험,100,RPT → 가속수명×98 → RPT → 가속수명×99 → RPT → 가속수명×99 → RPT → 가속수명×99 → RPT → 가속수명×99 → RPT → 가속수명×99 → RPT → 가속수명×99 → RPT → 가속수명×99 → RPT → 가속수명×99 → RPT → 가속수명×99 → RPT,,C:\Users\Ryu\battery\python\BDT_dev\rawdata\Q7M Inner ATL_45V 1689mAh BLK1 20EA [23] - 250304\60
Q7M Inner ATL_45V 1689mAh BLK1 20EA [23] - 250304,81,Toyo,1689,800,9,0,791,0,0,0,가속수명 시험,100,RPT → 가속수명×98 → RPT → 가속수명×99 → RPT → 가속수명×99 → RPT → 가속수명×99 → RPT → 가속수명×99 → RPT → 가속수명×99 → RPT → 가속수명×99 → RPT → 가속수명×99 → RPT,,C:\Users\Ryu\battery\python\BDT_dev\rawdata\Q7M Inner ATL_45V 1689mAh BLK1 20EA [23] - 250304\81
Q7M Inner ATL_45V 1689mAh BLK1 20EA [23] - 250304,84,Toyo,1689,800,9,0,791,0,0,0,가속수명 시험,100,RPT → 가속수명×98 → RPT → 가속수명×99 → RPT → 가속수명×99 → RPT → 가속수명×99 → RPT → 가속수명×99 → RPT → 가속수명×99 → RPT → 가속수명×99 → RPT → 가속수명×99 → RPT,,C:\Users\Ryu\battery\python\BDT_dev\rawdata\Q7M Inner ATL_45V 1689mAh BLK1 20EA [23] - 250304\84
Q7M Inner ATL_45V 1689mAh BLK1 20EA [23] - 250304,86,Toyo,1689,400,5,0,395,0,0,0,가속수명 시험,100,RPT → 가속수명×98 → RPT → 가속수명×99 → RPT → 가속수명×99 → RPT → 가속수명×99 → RPT,,C:\Users\Ryu\battery\python\BDT_dev\rawdata\Q7M Inner ATL_45V 1689mAh BLK1 20EA [23] - 250304\86
Q7M Inner ATL_45V 1689mAh BLK1 20EA [23] - 250304,93,Toyo,1689,400,5,0,395,0,0,0,가속수명 시험,100,RPT → 가속수명×98 → RPT → 가속수명×99 → RPT → 가속수명×99 → RPT → 가속수명×99 → RPT,,C:\Users\Ryu\battery\python\BDT_dev\rawdata\Q7M Inner ATL_45V 1689mAh BLK1 20EA [23] - 250304\93
Q7M Main ATL [45V_1680mAh][23] blk7 20ea - 250228,21,Toyo,1680,1000,11,0,989,0,0,0,가속수명 시험,100,RPT → 가속수명×98 → RPT → 가속수명×99 → RPT → 가속수명×99 → RPT → 가속수명×99 → RPT → 가속수명×99 → RPT → 가속수명×99 → RPT → 가속수명×99 → RPT → 가속수명×99 → RPT → 가속수명×99 → RPT → 가속수명×99 → RPT,,C:\Users\Ryu\battery\python\BDT_dev\rawdata\Q7M Main ATL [45V_1680mAh][23] blk7 20ea - 250228\21
Q7M Main ATL [45V_1680mAh][23] blk7 20ea - 250228,24,Toyo,1680,999,10,0,989,0,0,0,가속수명 시험,100,RPT → 가속수명×98 → RPT → 가속수명×99 → RPT → 가속수명×99 → RPT → 가속수명×99 → RPT → 가속수명×99 → RPT → 가속수명×99 → RPT → 가속수명×99 → RPT → 가속수명×99 → RPT → 가속수명×99 → RPT → 가속수명×99,,C:\Users\Ryu\battery\python\BDT_dev\rawdata\Q7M Main ATL [45V_1680mAh][23] blk7 20ea - 250228\24
Q7M Main ATL [45V_1680mAh][23] blk7 20ea - 250228,3,Toyo,1680,1000,11,0,989,0,0,0,가속수명 시험,100,RPT → 가속수명×98 → RPT → 가속수명×99 → RPT → 가속수명×99 → RPT → 가속수명×99 → RPT → 가속수명×99 → RPT → 가속수명×99 → RPT → 가속수명×99 → RPT → 가속수명×99 → RPT → 가속수명×99 → RPT → 가속수명×99 → RPT,,C:\Users\Ryu\battery\python\BDT_dev\rawdata\Q7M Main ATL [45V_1680mAh][23] blk7 20ea - 250228\3
Q7M Main ATL [45V_1680mAh][23] blk7 20ea - 250228,35,Toyo,1680,1000,11,0,989,0,0,0,가속수명 시험,100,RPT → 가속수명×98 → RPT → 가속수명×99 → RPT → 가속수명×99 → RPT → 가속수명×99 → RPT → 가속수명×99 → RPT → 가속수명×99 → RPT → 가속수명×99 → RPT → 가속수명×99 → RPT → 가속수명×99 → RPT → 가속수명×99 → RPT,,C:\Users\Ryu\battery\python\BDT_dev\rawdata\Q7M Main ATL [45V_1680mAh][23] blk7 20ea - 250228\35
Q7M Main ATL [45V_1680mAh][23] blk7 20ea - 250228,36,Toyo,1680,1000,11,0,989,0,0,0,가속수명 시험,100,RPT → 가속수명×98 → RPT → 가속수명×99 → RPT → 가속수명×99 → RPT → 가속수명×99 → RPT → 가속수명×99 → RPT → 가속수명×99 → RPT → 가속수명×99 → RPT → 가속수명×99 → RPT → 가속수명×99 → RPT → 가속수명×99 → RPT,,C:\Users\Ryu\battery\python\BDT_dev\rawdata\Q7M Main ATL [45V_1680mAh][23] blk7 20ea - 250228\36
Q7M Main ATL [45V_1680mAh][23] blk7 20ea - 250228,37,Toyo,1680,1000,11,0,989,0,0,0,가속수명 시험,100,RPT → 가속수명×98 → RPT → 가속수명×99 → RPT → 가속수명×99 → RPT → 가속수명×99 → RPT → 가속수명×99 → RPT → 가속수명×99 → RPT → 가속수명×99 → RPT → 가속수명×99 → RPT → 가속수명×99 → RPT → 가속수명×99 → RPT,,C:\Users\Ryu\battery\python\BDT_dev\rawdata\Q7M Main ATL [45V_1680mAh][23] blk7 20ea - 250228\37
Q7M Main ATL [45V_1680mAh][23] blk7 20ea - 250228,38,Toyo,1680,1000,11,0,989,0,0,0,가속수명 시험,100,RPT → 가속수명×98 → RPT → 가속수명×99 → RPT → 가속수명×99 → RPT → 가속수명×99 → RPT → 가속수명×99 → RPT → 가속수명×99 → RPT → 가속수명×99 → RPT → 가속수명×99 → RPT → 가속수명×99 → RPT → 가속수명×99 → RPT,,C:\Users\Ryu\battery\python\BDT_dev\rawdata\Q7M Main ATL [45V_1680mAh][23] blk7 20ea - 250228\38
Q7M Main ATL [45V_1680mAh][23] blk7 20ea - 250228,4,Toyo,1680,1000,11,0,989,0,0,0,가속수명 시험,100,RPT → 가속수명×98 → RPT → 가속수명×99 → RPT → 가속수명×99 → RPT → 가속수명×99 → RPT → 가속수명×99 → RPT → 가속수명×99 → RPT → 가속수명×99 → RPT → 가속수명×99 → RPT → 가속수명×99 → RPT → 가속수명×99 → RPT,,C:\Users\Ryu\battery\python\BDT_dev\rawdata\Q7M Main ATL [45V_1680mAh][23] blk7 20ea - 250228\4
Q7M Main ATL [45V_1680mAh][23] blk7 20ea - 250228,40,Toyo,1680,1000,11,0,989,0,0,0,가속수명 시험,100,RPT → 가속수명×98 → RPT → 가속수명×99 → RPT → 가속수명×99 → RPT → 가속수명×99 → RPT → 가속수명×99 → RPT → 가속수명×99 → RPT → 가속수명×99 → RPT → 가속수명×99 → RPT → 가속수명×99 → RPT → 가속수명×99 → RPT,,C:\Users\Ryu\battery\python\BDT_dev\rawdata\Q7M Main ATL [45V_1680mAh][23] blk7 20ea - 250228\40
Q7M Main ATL [45V_1680mAh][23] blk7 20ea - 250228,45,Toyo,1680,1000,11,0,989,0,0,0,가속수명 시험,100,RPT → 가속수명×98 → RPT → 가속수명×99 → RPT → 가속수명×99 → RPT → 가속수명×99 → RPT → 가속수명×99 → RPT → 가속수명×99 → RPT → 가속수명×99 → RPT → 가속수명×99 → RPT → 가속수명×99 → RPT → 가속수명×99 → RPT,,C:\Users\Ryu\battery\python\BDT_dev\rawdata\Q7M Main ATL [45V_1680mAh][23] blk7 20ea - 250228\45
Q7M Main ATL [45V_1680mAh][23] blk7 20ea - 250228,46,Toyo,1680,1000,11,0,989,0,0,0,가속수명 시험,100,RPT → 가속수명×98 → RPT → 가속수명×99 → RPT → 가속수명×99 → RPT → 가속수명×99 → RPT → 가속수명×99 → RPT → 가속수명×99 → RPT → 가속수명×99 → RPT → 가속수명×99 → RPT → 가속수명×99 → RPT → 가속수명×99 → RPT,,C:\Users\Ryu\battery\python\BDT_dev\rawdata\Q7M Main ATL [45V_1680mAh][23] blk7 20ea - 250228\46
Q7M Main ATL [45V_1680mAh][23] blk7 20ea - 250228,47,Toyo,1680,1000,11,0,989,0,0,0,가속수명 시험,100,RPT → 가속수명×98 → RPT → 가속수명×99 → RPT → 가속수명×99 → RPT → 가속수명×99 → RPT → 가속수명×99 → RPT → 가속수명×99 → RPT → 가속수명×99 → RPT → 가속수명×99 → RPT → 가속수명×99 → RPT → 가속수명×99 → RPT,,C:\Users\Ryu\battery\python\BDT_dev\rawdata\Q7M Main ATL [45V_1680mAh][23] blk7 20ea - 250228\47
Q7M Main ATL [45V_1680mAh][23] blk7 20ea - 250228,5,Toyo,1680,999,10,0,989,0,0,0,가속수명 시험,100,RPT → 가속수명×98 → RPT → 가속수명×99 → RPT → 가속수명×99 → RPT → 가속수명×99 → RPT → 가속수명×99 → RPT → 가속수명×99 → RPT → 가속수명×99 → RPT → 가속수명×99 → RPT → 가속수명×99 → RPT → 가속수명×99,,C:\Users\Ryu\battery\python\BDT_dev\rawdata\Q7M Main ATL [45V_1680mAh][23] blk7 20ea - 250228\5
Q7M Main ATL [45V_1680mAh][23] blk7 20ea - 250228,50,Toyo,1680,799,8,0,791,0,0,0,가속수명 시험,100,RPT → 가속수명×98 → RPT → 가속수명×99 → RPT → 가속수명×99 → RPT → 가속수명×99 → RPT → 가속수명×99 → RPT → 가속수명×99 → RPT → 가속수명×99 → RPT → 가속수명×99,,C:\Users\Ryu\battery\python\BDT_dev\rawdata\Q7M Main ATL [45V_1680mAh][23] blk7 20ea - 250228\50
Q7M Main ATL [45V_1680mAh][23] blk7 20ea - 250228,6,Toyo,1680,1000,11,0,989,0,0,0,가속수명 시험,100,RPT → 가속수명×98 → RPT → 가속수명×99 → RPT → 가속수명×99 → RPT → 가속수명×99 → RPT → 가속수명×99 → RPT → 가속수명×99 → RPT → 가속수명×99 → RPT → 가속수명×99 → RPT → 가속수명×99 → RPT → 가속수명×99 → RPT,,C:\Users\Ryu\battery\python\BDT_dev\rawdata\Q7M Main ATL [45V_1680mAh][23] blk7 20ea - 250228\6
Q7M Main ATL [45V_1680mAh][23] blk7 20ea - 250228,73,Toyo,1680,800,9,0,791,0,0,0,가속수명 시험,100,RPT → 가속수명×98 → RPT → 가속수명×99 → RPT → 가속수명×99 → RPT → 가속수명×99 → RPT → 가속수명×99 → RPT → 가속수명×99 → RPT → 가속수명×99 → RPT → 가속수명×99 → RPT,,C:\Users\Ryu\battery\python\BDT_dev\rawdata\Q7M Main ATL [45V_1680mAh][23] blk7 20ea - 250228\73
Q7M Main ATL [45V_1680mAh][23] blk7 20ea - 250228,74,Toyo,1680,400,5,0,395,0,0,0,가속수명 시험,100,RPT → 가속수명×98 → RPT → 가속수명×99 → RPT → 가속수명×99 → RPT → 가속수명×99 → RPT,,C:\Users\Ryu\battery\python\BDT_dev\rawdata\Q7M Main ATL [45V_1680mAh][23] blk7 20ea - 250228\74
Q7M Main ATL [45V_1680mAh][23] blk7 20ea - 250228,75,Toyo,1680,400,5,0,395,0,0,0,가속수명 시험,100,RPT → 가속수명×98 → RPT → 가속수명×99 → RPT → 가속수명×99 → RPT → 가속수명×99 → RPT,,C:\Users\Ryu\battery\python\BDT_dev\rawdata\Q7M Main ATL [45V_1680mAh][23] blk7 20ea - 250228\75
Q7M Main ATL [45V_1680mAh][23] blk7 20ea - 250228,78,Toyo,1680,100,2,0,98,0,0,0,가속수명 시험,99,RPT → 가속수명×98 → RPT,,C:\Users\Ryu\battery\python\BDT_dev\rawdata\Q7M Main ATL [45V_1680mAh][23] blk7 20ea - 250228\78
Q7M Main ATL [45V_1680mAh][23] blk7 20ea - 250228,80,Toyo,1680,100,2,0,98,0,0,0,가속수명 시험,99,RPT → 가속수명×98 → RPT,,C:\Users\Ryu\battery\python\BDT_dev\rawdata\Q7M Main ATL [45V_1680mAh][23] blk7 20ea - 250228\80
Q7M Sub ATL [45v 2068mAh] [23] - 250219r,10,Toyo,2068,1178,12,0,1166,0,0,0,가속수명 시험,100,RPT → 가속수명×98 → RPT → 가속수명×99 → RPT → 가속수명×99 → RPT → 가속수명×99 → RPT → 가속수명×99 → RPT → 가속수명×99 → RPT → 가속수명×99 → RPT → 가속수명×99 → RPT → 가속수명×99 → RPT → 가속수명×99 → RPT → 가속수명×99 → RPT → 가속수명×78,,C:\Users\Ryu\battery\python\BDT_dev\rawdata\Q7M Sub ATL [45v 2068mAh] [23] - 250219r\10
Q7M Sub ATL [45v 2068mAh] [23] - 250219r,11,Toyo,2068,1000,11,0,989,0,0,0,가속수명 시험,100,RPT → 가속수명×98 → RPT → 가속수명×99 → RPT → 가속수명×99 → RPT → 가속수명×99 → RPT → 가속수명×99 → RPT → 가속수명×99 → RPT → 가속수명×99 → RPT → 가속수명×99 → RPT → 가속수명×99 → RPT → 가속수명×99 → RPT,,C:\Users\Ryu\battery\python\BDT_dev\rawdata\Q7M Sub ATL [45v 2068mAh] [23] - 250219r\11
Q7M Sub ATL [45v 2068mAh] [23] - 250219r,12,Toyo,2068,1000,11,0,989,0,0,0,가속수명 시험,100,RPT → 가속수명×98 → RPT → 가속수명×99 → RPT → 가속수명×99 → RPT → 가속수명×99 → RPT → 가속수명×99 → RPT → 가속수명×99 → RPT → 가속수명×99 → RPT → 가속수명×99 → RPT → 가속수명×99 → RPT → 가속수명×99 → RPT,,C:\Users\Ryu\battery\python\BDT_dev\rawdata\Q7M Sub ATL [45v 2068mAh] [23] - 250219r\12
Q7M Sub ATL [45v 2068mAh] [23] - 250219r,13,Toyo,2068,1000,11,0,989,0,0,0,가속수명 시험,100,RPT → 가속수명×98 → RPT → 가속수명×99 → RPT → 가속수명×99 → RPT → 가속수명×99 → RPT → 가속수명×99 → RPT → 가속수명×99 → RPT → 가속수명×99 → RPT → 가속수명×99 → RPT → 가속수명×99 → RPT → 가속수명×99 → RPT,,C:\Users\Ryu\battery\python\BDT_dev\rawdata\Q7M Sub ATL [45v 2068mAh] [23] - 250219r\13
Q7M Sub ATL [45v 2068mAh] [23] - 250219r,14,Toyo,2068,1000,11,0,989,0,0,0,가속수명 시험,100,RPT → 가속수명×98 → RPT → 가속수명×99 → RPT → 가속수명×99 → RPT → 가속수명×99 → RPT → 가속수명×99 → RPT → 가속수명×99 → RPT → 가속수명×99 → RPT → 가속수명×99 → RPT → 가속수명×99 → RPT → 가속수명×99 → RPT,,C:\Users\Ryu\battery\python\BDT_dev\rawdata\Q7M Sub ATL [45v 2068mAh] [23] - 250219r\14
Q7M Sub ATL [45v 2068mAh] [23] - 250219r,15,Toyo,2068,1000,11,0,989,0,0,0,가속수명 시험,100,RPT → 가속수명×98 → RPT → 가속수명×99 → RPT → 가속수명×99 → RPT → 가속수명×99 → RPT → 가속수명×99 → RPT → 가속수명×99 → RPT → 가속수명×99 → RPT → 가속수명×99 → RPT → 가속수명×99 → RPT → 가속수명×99 → RPT,,C:\Users\Ryu\battery\python\BDT_dev\rawdata\Q7M Sub ATL [45v 2068mAh] [23] - 250219r\15
Q7M Sub ATL [45v 2068mAh] [23] - 250219r,16,Toyo,2068,1000,11,0,989,0,0,0,가속수명 시험,100,RPT → 가속수명×98 → RPT → 가속수명×99 → RPT → 가속수명×99 → RPT → 가속수명×99 → RPT → 가속수명×99 → RPT → 가속수명×99 → RPT → 가속수명×99 → RPT → 가속수명×99 → RPT → 가속수명×99 → RPT → 가속수명×99 → RPT,,C:\Users\Ryu\battery\python\BDT_dev\rawdata\Q7M Sub ATL [45v 2068mAh] [23] - 250219r\16
Q7M Sub ATL [45v 2068mAh] [23] - 250219r,17,Toyo,2068,800,9,0,791,0,0,0,가속수명 시험,100,RPT → 가속수명×98 → RPT → 가속수명×99 → RPT → 가속수명×99 → RPT → 가속수명×99 → RPT → 가속수명×99 → RPT → 가속수명×99 → RPT → 가속수명×99 → RPT → 가속수명×99 → RPT,,C:\Users\Ryu\battery\python\BDT_dev\rawdata\Q7M Sub ATL [45v 2068mAh] [23] - 250219r\17
Q7M Sub ATL [45v 2068mAh] [23] - 250219r,18,Toyo,2068,800,9,0,791,0,0,0,가속수명 시험,100,RPT → 가속수명×98 → RPT → 가속수명×99 → RPT → 가속수명×99 → RPT → 가속수명×99 → RPT → 가속수명×99 → RPT → 가속수명×99 → RPT → 가속수명×99 → RPT → 가속수명×99 → RPT,,C:\Users\Ryu\battery\python\BDT_dev\rawdata\Q7M Sub ATL [45v 2068mAh] [23] - 250219r\18
Q7M Sub ATL [45v 2068mAh] [23] - 250219r,19,Toyo,2068,400,5,0,395,0,0,0,가속수명 시험,100,RPT → 가속수명×98 → RPT → 가속수명×99 → RPT → 가속수명×99 → RPT → 가속수명×99 → RPT,,C:\Users\Ryu\battery\python\BDT_dev\rawdata\Q7M Sub ATL [45v 2068mAh] [23] - 250219r\19
Q7M Sub ATL [45v 2068mAh] [23] - 250219r,20,Toyo,2068,400,5,0,395,0,0,0,가속수명 시험,100,RPT → 가속수명×98 → RPT → 가속수명×99 → RPT → 가속수명×99 → RPT → 가속수명×99 → RPT,,C:\Users\Ryu\battery\python\BDT_dev\rawdata\Q7M Sub ATL [45v 2068mAh] [23] - 250219r\20
Q7M Sub ATL [45v 2068mAh] [23] - 250219r,3,Toyo,2068,1178,12,0,1166,0,0,0,가속수명 시험,100,RPT → 가속수명×98 → RPT → 가속수명×99 → RPT → 가속수명×99 → RPT → 가속수명×99 → RPT → 가속수명×99 → RPT → 가속수명×99 → RPT → 가속수명×99 → RPT → 가속수명×99 → RPT → 가속수명×99 → RPT → 가속수명×99 → RPT → 가속수명×99 → RPT → 가속수명×78,,C:\Users\Ryu\battery\python\BDT_dev\rawdata\Q7M Sub ATL [45v 2068mAh] [23] - 250219r\3
Q7M Sub ATL [45v 2068mAh] [23] - 250219r,4,Toyo,2068,1179,12,0,1167,0,0,0,가속수명 시험,100,RPT → 가속수명×98 → RPT → 가속수명×99 → RPT → 가속수명×99 → RPT → 가속수명×99 → RPT → 가속수명×99 → RPT → 가속수명×99 → RPT → 가속수명×99 → RPT → 가속수명×99 → RPT → 가속수명×99 → RPT → 가속수명×99 → RPT → 가속수명×99 → RPT → 가속수명×79,,C:\Users\Ryu\battery\python\BDT_dev\rawdata\Q7M Sub ATL [45v 2068mAh] [23] - 250219r\4
Q7M Sub ATL [45v 2068mAh] [23] - 250219r,5,Toyo,2068,1000,11,0,989,0,0,0,가속수명 시험,100,RPT → 가속수명×98 → RPT → 가속수명×99 → RPT → 가속수명×99 → RPT → 가속수명×99 → RPT → 가속수명×99 → RPT → 가속수명×99 → RPT → 가속수명×99 → RPT → 가속수명×99 → RPT → 가속수명×99 → RPT → 가속수명×99 → RPT,,C:\Users\Ryu\battery\python\BDT_dev\rawdata\Q7M Sub ATL [45v 2068mAh] [23] - 250219r\5
Q7M Sub ATL [45v 2068mAh] [23] - 250219r,6,Toyo,2068,1000,11,0,989,0,0,0,가속수명 시험,100,RPT → 가속수명×98 → RPT → 가속수명×99 → RPT → 가속수명×99 → RPT → 가속수명×99 → RPT → 가속수명×99 → RPT → 가속수명×99 → RPT → 가속수명×99 → RPT → 가속수명×99 → RPT → 가속수명×99 → RPT → 가속수명×99 → RPT,,C:\Users\Ryu\battery\python\BDT_dev\rawdata\Q7M Sub ATL [45v 2068mAh] [23] - 250219r\6
Q7M Sub ATL [45v 2068mAh] [23] - 250219r,7,Toyo,2068,1000,11,0,989,0,0,0,가속수명 시험,100,RPT → 가속수명×98 → RPT → 가속수명×99 → RPT → 가속수명×99 → RPT → 가속수명×99 → RPT → 가속수명×99 → RPT → 가속수명×99 → RPT → 가속수명×99 → RPT → 가속수명×99 → RPT → 가속수명×99 → RPT → 가속수명×99 → RPT,,C:\Users\Ryu\battery\python\BDT_dev\rawdata\Q7M Sub ATL [45v 2068mAh] [23] - 250219r\7
Q7M Sub ATL [45v 2068mAh] [23] - 250219r,8,Toyo,2068,1000,11,0,989,0,0,0,가속수명 시험,100,RPT → 가속수명×98 → RPT → 가속수명×99 → RPT → 가속수명×99 → RPT → 가속수명×99 → RPT → 가속수명×99 → RPT → 가속수명×99 → RPT → 가속수명×99 → RPT → 가속수명×99 → RPT → 가속수명×99 → RPT → 가속수명×99 → RPT,,C:\Users\Ryu\battery\python\BDT_dev\rawdata\Q7M Sub ATL [45v 2068mAh] [23] - 250219r\8
Q7M Sub ATL [45v 2068mAh] [23] - 250219r,9,Toyo,2068,1174,12,0,1162,0,0,0,가속수명 시험,100,RPT → 가속수명×98 → RPT → 가속수명×99 → RPT → 가속수명×99 → RPT → 가속수명×99 → RPT → 가속수명×99 → RPT → 가속수명×99 → RPT → 가속수명×99 → RPT → 가속수명×99 → RPT → 가속수명×99 → RPT → 가속수명×99 → RPT → 가속수명×99 → RPT → 가속수명×74,,C:\Users\Ryu\battery\python\BDT_dev\rawdata\Q7M Sub ATL [45v 2068mAh] [23] - 250219r\9
