idx,test_category,sch_path,schedule_desc,keyword,n_steps,h_magic,h_h4,h_h8,h_h656,first_chg_88_v_upper,first_dchg_92_v_lower,first_chg_96_i_upper,first_chg_100_i_lower,first_336_rec_interval,first_396_temp_c,has_+36,has_+40,has_+396
1,성능,성능\240821 선행랩 류성택 Gen4pGr mini-ATL-WD-Proto-422mAh-20C-450V-GITT-15도\M01Ch005[005]\240821 선행랩 류성택 Gen4pGr ATL-Mini-422mAh-GITT-15도.sch,GITT01C_422mAh,GITT/ECT,17,740721,131077,50,13,4550.0,2450.0,388.0,288.0,60.0,,False,False,False
2,성능,성능\240821 선행랩 류성택 Gen4pGr mini-ATL-WD-Proto-422mAh-20C-450V-GITT-15도\M01Ch006[006]\240821 선행랩 류성택 Gen4pGr ATL-Mini-422mAh-GITT-15도.sch,GITT01C_422mAh,GITT/ECT,17,740721,131077,50,13,4550.0,2450.0,388.0,288.0,60.0,,False,False,False
3,성능,성능\240919 선행랩 류성택 Gen4pGr mini-ATL-WD-Proto-422mAh-20C-450V-SOC별DCIR-15도\M01Ch005[005]\240919 선행랩 류성택  Gen4pGr ATL-mini-WD-Proto-422mAh-20C-450V-SOC별DCIR-15도.sch,SOC��DCIR������_422mAh,DCIR/RSS,108,740721,131077,50,22,4550.0,2450.0,388.0,288.0,1.0,,False,False,False
4,성능,성능\240919 선행랩 류성택 Gen4pGr mini-ATL-WD-Proto-422mAh-20C-450V-SOC별DCIR-15도\M01Ch006[006]\240919 선행랩 류성택  Gen4pGr ATL-mini-WD-Proto-422mAh-20C-450V-SOC별DCIR-15도.sch,SOC��DCIR������_422mAh,DCIR/RSS,108,740721,131077,50,22,4550.0,2450.0,388.0,288.0,1.0,,False,False,False
5,성능,성능\250314_250705_05_나무늬_4900mAh_Gen5 SDI Pre-MP Si5% Floating+9D\M01Ch001[001]\250314_250705_05_나무늬_4900mAh_Gen5 SDI Pre-MP Si5% Floating+9D.sch,4.53V Floating 4900mAh,floating,14,740721,131077,50,1,4580.0,2950.0,1030.0,930.0,60.0,,False,False,False
6,성능,성능\250314_250705_05_나무늬_4900mAh_Gen5 SDI Pre-MP Si5% Floating+9D\M01Ch001[001]\250314_250705_05_나무늬_4900mAh_Gen5 SDI Pre-MP Si5% Floating+9D_000.sch,4.53V Floating 4900mAh,floating,14,740721,131077,50,42,4580.0,2950.0,1030.0,930.0,60.0,,False,False,False
7,성능,성능\250314_250705_05_나무늬_4900mAh_Gen5 SDI Pre-MP Si5% Floating+9D\M01Ch001[001]\250314_250705_05_나무늬_4900mAh_Gen5 SDI Pre-MP Si5% Floating+9D_001.sch,4.53V Floating 4900mAh,floating,14,740721,131077,50,1,4580.0,2950.0,1030.0,930.0,60.0,,False,False,False
8,성능,성능\250314_250705_05_나무늬_4900mAh_Gen5 SDI Pre-MP Si5% Floating+9D\M01Ch002[002]\250314_250705_05_나무늬_4900mAh_Gen5 SDI Pre-MP Si5% Floating+9D.sch,4.53V Floating 4900mAh,floating,14,740721,131077,50,42,4580.0,2950.0,1030.0,930.0,60.0,,False,False,False
9,성능,성능\250513_250526_05_나무늬_2610mAh_Gen5+B SDI MP1 DoE SBR 0.7 DCIR\M01Ch038[038]\250513_250526_05_나무늬_2610mAh_Gen5+B SDI MP1 DoE SBR 0.7 DCIR.sch,SOC�� DCIR ������_2610mAh,DCIR/RSS,105,740721,131077,50,2,4600.0,2400.0,,,1.0,,False,False,False
10,성능,성능\250513_250526_05_나무늬_2610mAh_Gen5+B SDI MP1 Main SBR 0.9 DCIR\M01Ch037[037]\250513_250526_05_나무늬_2610mAh_Gen5+B SDI MP1 Main SBR 0.9 DCIR.sch,SOC�� DCIR ������_2610mAh,DCIR/RSS,105,740721,131077,50,2,4600.0,2400.0,,,1.0,,False,False,False
11,성능,성능\250827_251028_06_이성일_4755mAh_PA2-SDI-447V-275V-ECT-parameter1\M01Ch009[009]\250827_251028_06_이성일_4755mAh_PA2-SDI-447V-275V-ECT-parameter1.sch,4755mAh_ECT ����1 ACT ����,GITT/ECT,127,740721,131077,50,1,,,20000.0,,60.0,23.0,False,False,True
12,성능,성능\250827_251028_06_이성일_4755mAh_PA2-SDI-447V-275V-ECT-parameter2\M01Ch010[010]\250827_251028_06_이성일_4755mAh_PA2-SDI-447V-275V-ECT-parameter2.sch,4755mAh_ECT ����2 ACT ����,GITT/ECT,127,740721,131077,50,2,,,20000.0,,60.0,23.0,False,False,True
13,성능,성능\250827_251028_06_이성일_4755mAh_PA2-SDI-447V-275V-ECT-parameter3\M01Ch011[011]\250827_251028_06_이성일_4755mAh_PA2-SDI-447V-275V-ECT-parameter3.sch,4755mAh_ECT ����3 ACT ����,GITT/ECT,127,740721,131077,50,3,,,20000.0,,60.0,23.0,False,False,True
14,성능,성능\250827_251028_06_이성일_4755mAh_PA2-SDI-447V-275V-ECT-parameter4\M01Ch012[012]\250827_251028_06_이성일_4755mAh_PA2-SDI-447V-275V-ECT-parameter4.sch,4755mAh_ECT ����4 ACT ����,GITT/ECT,127,740721,131077,50,4,,,20000.0,,60.0,23.0,False,False,True
15,성능,성능\250827_251028_06_이성일_4755mAh_PA2-SDI-447V-275V-ECT-parameter5\M01Ch013[013]\250827_251028_06_이성일_4755mAh_PA2-SDI-447V-275V-ECT-parameter5.sch,4755mAh_ECT ����5 ACT ����,GITT/ECT,127,740721,131077,50,5,,,20000.0,,60.0,23.0,False,False,True
16,성능,성능\250827_251028_06_이성일_4755mAh_PA2-SDI-447V-275V-ECT-parameter6\M01Ch014[014]\250827_251028_06_이성일_4755mAh_PA2-SDI-447V-275V-ECT-parameter6.sch,4755mAh_ECT ����6 ACT 23��,GITT/ECT,110,740721,131077,50,6,,,20000.0,,60.0,23.0,False,False,True
17,성능,성능\250827_251028_06_이성일_4755mAh_PA2-SDI-447V-275V-ECT-parameter7\M01Ch015[015]\250827_251028_06_이성일_4755mAh_PA2-SDI-447V-275V-ECT-parameter7.sch,4755mAh_ECT ����7 ACT 23��,GITT/ECT,95,740721,131077,50,7,,,20000.0,,60.0,23.0,False,False,True
18,성능,성능\250827_251028_06_이성일_4755mAh_PA2-SDI-447V-275V-ECT-parameter8\M01Ch016[016]\250827_251028_06_이성일_4755mAh_PA2-SDI-447V-275V-ECT-parameter8.sch,4755mAh_ECT ����8 ACT GITT,GITT/ECT,31,740721,131077,50,8,4650.0,1500.0,20000.0,,60.0,23.0,True,True,True
19,성능,성능\250905_250915_00_류성택_4-187mAh_M2-SDI-open-ca-half-14pi-GITT-0.1C-T23\M01Ch025[025]\250905_250915_00_류성택_4-187mAh_M2-SDI-open-ca-half-14pi-GITT-0.1C-T23.sch,Half_cathode_4.187mAh_GITT_0.1C,GITT/ECT,16,740721,131077,50,40,,,,,60.0,,False,False,False
20,성능,성능\250905_250915_00_류성택_4-376mAh_M2-SDI-open-an-half-14pi-GITT-0.1C-T23\M01Ch024[024]\250905_250915_00_류성택_4-376mAh_M2-SDI-open-an-half-14pi-GITT-0.1C-T23.sch,Half_anode_4.376mAh_GITT_0.1C,GITT/ECT,16,740721,131077,50,41,,,,,60.0,,False,False,False
21,성능,성능\250915_250925_06_이성일_4755mAh_PA2-SDI-447V-275V-ECT-parameter1 45재측정\M01Ch009[009]\250915_250925_06_이성일_4755mAh_PA2-SDI-447V-275V-ECT-parameter1 45재측정.sch,4755mAh_ECT ����1 ACT ���� 45,GITT/ECT,30,740721,131077,50,11,4520.0,2700.0,1001.0,901.0,1.0,45.0,False,False,True
22,성능,성능\250915_250925_06_이성일_4755mAh_PA2-SDI-447V-275V-ECT-parameter2 45재측정\M01Ch010[010]\250915_250925_06_이성일_4755mAh_PA2-SDI-447V-275V-ECT-parameter2 45재측정.sch,4755mAh_ECT ����2 ACT ���� 45,GITT/ECT,30,740721,131077,50,12,4520.0,2700.0,1001.0,901.0,1.0,45.0,False,False,True
23,성능,성능\250915_250925_06_이성일_4755mAh_PA2-SDI-447V-275V-ECT-parameter3 45재측정\M01Ch011[011]\250915_250925_06_이성일_4755mAh_PA2-SDI-447V-275V-ECT-parameter3 45재측정.sch,4755mAh_ECT ����3 ACT ���� 45,GITT/ECT,30,740721,131077,50,13,4520.0,2700.0,1001.0,901.0,1.0,45.0,False,False,True
24,성능,성능\250915_250925_06_이성일_4755mAh_PA2-SDI-447V-275V-ECT-parameter4 45재측정\M01Ch012[012]\250915_250925_06_이성일_4755mAh_PA2-SDI-447V-275V-ECT-parameter4 45재측정.sch,4755mAh_ECT ����4 ACT ���� 45,GITT/ECT,30,740721,131077,50,14,4520.0,2700.0,1001.0,901.0,1.0,45.0,False,False,True
25,성능,성능\250915_250925_06_이성일_4755mAh_PA2-SDI-447V-275V-ECT-parameter5 45재측정\M01Ch013[013]\250915_250925_06_이성일_4755mAh_PA2-SDI-447V-275V-ECT-parameter5 45재측정.sch,4755mAh_ECT ����5 ACT ���� 45,GITT/ECT,30,740721,131077,50,15,4520.0,2700.0,1001.0,901.0,1.0,45.0,False,False,True
26,성능,성능\251002_251010_00_박민희_4-19mAh_RatedCh half ca 4.19mAh SDI\M01Ch017[017]\251002_251010_00_박민희_4-19mAh_RatedCh half ca 4.19mAh SDI.sch,RatedCh_half_ca_4.19mAh_SDI,OTHER,31,740721,131077,50,29,,,,,300.1000061035156,,False,False,False
27,성능,성능\251002_251010_00_박민희_4-19mAh_RatedCh half ca 4.19mAh SDI\M01Ch019[019]\251002_251010_00_박민희_4-19mAh_RatedCh half ca 4.19mAh SDI.sch,RatedCh_half_ca_4.19mAh_SDI,OTHER,31,740721,131077,50,29,,,,,300.1000061035156,,False,False,False
28,성능,성능\251209_251213_05_현혜정_6490mAh_LWN Si25P SPL 율별방전Profile\M01Ch030[030]\251209_251213_05_현혜정_6490mAh_LWN Si25P SPL 율별방전Profile.sch,LWN 6490mAh Si25P ����Profile,OTHER,34,740721,131077,50,1,,,,,60.0,,False,False,False
29,성능,성능\251218_251230_00_박민희_3-45mAh_M1 ATL Cathode Half T23\M01Ch016[016]\251218_251230_00_박민희_3-45mAh_M1 ATL Cathode Half T23.sch,Half_ca_3.45mAh_formation_0.1C_ATL,formation,12,740721,131077,50,34,,,,,300.0,,False,False,False
30,성능,성능\251218_251230_00_박민희_3-45mAh_M1 ATL Cathode Half T23\M01Ch017[017]\251218_251230_00_박민희_3-45mAh_M1 ATL Cathode Half T23.sch,Half_ca_3.45mAh_formation_0.1C_ATL,formation,12,740721,131077,50,34,,,,,300.0,,False,False,False
31,성능,성능\251218_251230_00_박민희_3-45mAh_M1 ATL Cathode Half T23\M01Ch018[018]\251218_251230_00_박민희_3-45mAh_M1 ATL Cathode Half T23.sch,Half_ca_3.45mAh_formation_0.1C_ATL,formation,12,740721,131077,50,34,,,,,300.0,,False,False,False
32,성능,성능\251218_251230_00_박민희_3-45mAh_M1 ATL Cathode Half T23\M01Ch019[019]\251218_251230_00_박민희_3-45mAh_M1 ATL Cathode Half T23.sch,Half_ca_3.45mAh_formation_0.1C_ATL,formation,12,740721,131077,50,34,,,,,300.0,,False,False,False
33,성능,성능\251218_251230_00_박민희_3-45mAh_M1 ATL Cathode Half T23\M01Ch020[020]\251218_251230_00_박민희_3-45mAh_M1 ATL Cathode Half T23.sch,Half_ca_3.45mAh_formation_0.1C_ATL,formation,12,740721,131077,50,34,,,,,300.0,,False,False,False
34,성능,성능\251218_251230_00_박민희_3-45mAh_M1 ATL Cathode Half T23\M01Ch021[021]\251218_251230_00_박민희_3-45mAh_M1 ATL Cathode Half T23.sch,Half_ca_3.45mAh_formation_0.1C_ATL,formation,12,740721,131077,50,34,,,,,300.0,,False,False,False
35,성능,성능\251218_251230_00_박민희_3-45mAh_M1 ATL Cathode Half T23\M01Ch022[022]\251218_251230_00_박민희_3-45mAh_M1 ATL Cathode Half T23.sch,Half_ca_3.45mAh_formation_0.1C_ATL,formation,12,740721,131077,50,34,,,,,300.0,,False,False,False
36,성능,성능\251218_251230_00_박민희_3-45mAh_M1 ATL Cathode Half T23\M01Ch023[023]\251218_251230_00_박민희_3-45mAh_M1 ATL Cathode Half T23.sch,Half_ca_3.45mAh_formation_0.1C_ATL,formation,12,740721,131077,50,34,,,,,300.0,,False,False,False
37,성능,성능\251218_251230_00_박민희_4-04mAh_M1 ATL Anode Half T23\M01Ch024[024]\251218_251230_00_박민희_4-04mAh_M1 ATL Anode Half T23.sch,Half_an_4.04mAh_formation_0.1C_ATL,formation,12,740721,131077,50,35,,,,,300.0,,False,False,False
38,성능,성능\251218_251230_00_박민희_4-04mAh_M1 ATL Anode Half T23\M01Ch025[025]\251218_251230_00_박민희_4-04mAh_M1 ATL Anode Half T23.sch,Half_an_4.04mAh_formation_0.1C_ATL,formation,12,740721,131077,50,35,,,,,300.0,,False,False,False
39,성능,성능\251218_251230_00_박민희_4-04mAh_M1 ATL Anode Half T23\M01Ch026[026]\251218_251230_00_박민희_4-04mAh_M1 ATL Anode Half T23.sch,Half_an_4.04mAh_formation_0.1C_ATL,formation,12,740721,131077,50,35,,,,,300.0,,False,False,False
40,성능,성능\251218_251230_00_박민희_4-04mAh_M1 ATL Anode Half T23\M01Ch028[028]\251218_251230_00_박민희_4-04mAh_M1 ATL Anode Half T23.sch,Half_an_4.04mAh_formation_0.1C_ATL,formation,12,740721,131077,50,35,,,,,300.0,,False,False,False
41,성능,성능\251218_251230_00_박민희_4-04mAh_M1 ATL Anode Half T23\M01Ch029[029]\251218_251230_00_박민희_4-04mAh_M1 ATL Anode Half T23.sch,Half_an_4.04mAh_formation_0.1C_ATL,formation,12,740721,131077,50,35,,,,,300.0,,False,False,False
42,성능,성능\251218_251230_00_박민희_4-04mAh_M1 ATL Anode Half T23\M01Ch030[030]\251218_251230_00_박민희_4-04mAh_M1 ATL Anode Half T23.sch,Half_an_4.04mAh_formation_0.1C_ATL,formation,12,740721,131077,50,35,,,,,300.0,,False,False,False
43,성능,성능\251218_251230_00_박민희_4-04mAh_M1 ATL Anode Half T23\M01Ch031[031]\251218_251230_00_박민희_4-04mAh_M1 ATL Anode Half T23.sch,Half_an_4.04mAh_formation_0.1C_ATL,formation,12,740721,131077,50,35,,,,,300.0,,False,False,False
44,성능,성능\251218_251230_00_박민희_4-04mAh_M1 ATL Anode Half T23\M01Ch032[032]\251218_251230_00_박민희_4-04mAh_M1 ATL Anode Half T23.sch,Half_an_4.04mAh_formation_0.1C_ATL,formation,12,740721,131077,50,35,,,,,300.0,,False,False,False
45,성능,성능\251224_260110_00_박민희_3-45mAh_M1 ATL Cathode Half T23 GITT 0.1C\M01Ch016[016]\251224_260110_00_박민희_3-45mAh_M1 ATL Cathode Half T23 GITT 0.1C.sch,GITT_0.1C_half_ca_3.45mAh_SDI_M1,GITT/ECT,26,740721,131077,50,38,,,,,300.1000061035156,,False,False,False
46,성능,성능\251224_260110_00_박민희_3-45mAh_M1 ATL Cathode Half T23 GITT 0.1C\M01Ch017[017]\251224_260110_00_박민희_3-45mAh_M1 ATL Cathode Half T23 GITT 0.1C.sch,GITT_0.1C_half_ca_3.45mAh_SDI_M1,GITT/ECT,26,740721,131077,50,38,,,,,300.1000061035156,,False,False,False
47,성능,성능\251224_260110_00_박민희_3-45mAh_M1 ATL Cathode Half T23 GITT 0.1C\M01Ch018[018]\251224_260110_00_박민희_3-45mAh_M1 ATL Cathode Half T23 GITT 0.1C.sch,GITT_0.1C_half_ca_3.45mAh_SDI_M1,GITT/ECT,26,740721,131077,50,38,,,,,300.1000061035156,,False,False,False
48,성능,성능\251224_260110_00_박민희_3-45mAh_M1 ATL Cathode Half T23 GITT 0.1C\M01Ch019[019]\251224_260110_00_박민희_3-45mAh_M1 ATL Cathode Half T23 GITT 0.1C.sch,GITT_0.1C_half_ca_3.45mAh_SDI_M1,GITT/ECT,26,740721,131077,50,38,,,,,300.1000061035156,,False,False,False
49,성능,성능\251224_260110_00_박민희_3-45mAh_M1 ATL Cathode Half T23 GITT 0.1C\M01Ch020[020]\251224_260110_00_박민희_3-45mAh_M1 ATL Cathode Half T23 GITT 0.1C.sch,GITT_0.1C_half_ca_3.45mAh_SDI_M1,GITT/ECT,26,740721,131077,50,38,,,,,300.1000061035156,,False,False,False
50,성능,성능\251224_260110_00_박민희_3-45mAh_M1 ATL Cathode Half T23 GITT 0.1C\M01Ch021[021]\251224_260110_00_박민희_3-45mAh_M1 ATL Cathode Half T23 GITT 0.1C.sch,GITT_0.1C_half_ca_3.45mAh_SDI_M1,GITT/ECT,26,740721,131077,50,38,,,,,300.1000061035156,,False,False,False
51,성능,성능\251224_260110_00_박민희_3-45mAh_M1 ATL Cathode Half T23 GITT 0.1C\M01Ch022[022]\251224_260110_00_박민희_3-45mAh_M1 ATL Cathode Half T23 GITT 0.1C.sch,GITT_0.1C_half_ca_3.45mAh_SDI_M1,GITT/ECT,26,740721,131077,50,38,,,,,300.1000061035156,,False,False,False
52,성능,성능\251224_260110_00_박민희_3-45mAh_M1 ATL Cathode Half T23 GITT 0.1C\M01Ch023[023]\251224_260110_00_박민희_3-45mAh_M1 ATL Cathode Half T23 GITT 0.1C.sch,GITT_0.1C_half_ca_3.45mAh_SDI_M1,GITT/ECT,26,740721,131077,50,38,,,,,300.1000061035156,,False,False,False
53,성능,성능\251224_260110_00_박민희_4-04mAh_M1 ATL Anode Half T23 GITT 0.05C 3.0V\M01Ch029[029]\251224_260110_00_박민희_4-04mAh_M1 ATL Anode Half T23 GITT 0.05C 3.0V.sch,GITT_0.1C_half_an_4.04mAh_SDI_M1_case1,GITT/ECT,26,740721,131077,50,37,,,,,300.0,,False,False,False
54,성능,성능\251224_260110_00_박민희_4-04mAh_M1 ATL Anode Half T23 GITT 0.05C 3.0V\M01Ch031[031]\251224_260110_00_박민희_4-04mAh_M1 ATL Anode Half T23 GITT 0.05C 3.0V.sch,GITT_0.1C_half_an_4.04mAh_SDI_M1_case1,GITT/ECT,26,740721,131077,50,37,,,,,300.0,,False,False,False
55,성능,성능\251224_260110_00_박민희_4-04mAh_M1 ATL Anode Half T23 GITT 0.05C 3.0V\M01Ch032[032]\251224_260110_00_박민희_4-04mAh_M1 ATL Anode Half T23 GITT 0.05C 3.0V.sch,GITT_0.1C_half_an_4.04mAh_SDI_M1_case1,GITT/ECT,26,740721,131077,50,37,,,,,300.0,,False,False,False
56,성능,성능\251224_260110_00_박민희_4-04mAh_M1 ATL Anode Half T23 GITT 0.1C\M01Ch024[024]\251224_260110_00_박민희_4-04mAh_M1 ATL Anode Half T23 GITT 0.1C.sch,GITT_0.1C_half_an_4.04mAh_SDI_M1_ref,GITT/ECT,26,740721,131077,50,36,,,,,300.0,,False,False,False
57,성능,성능\251224_260110_00_박민희_4-04mAh_M1 ATL Anode Half T23 GITT 0.1C\M01Ch025[025]\251224_260110_00_박민희_4-04mAh_M1 ATL Anode Half T23 GITT 0.1C.sch,GITT_0.1C_half_an_4.04mAh_SDI_M1_ref,GITT/ECT,26,740721,131077,50,36,,,,,300.0,,False,False,False
58,성능,성능\251224_260110_00_박민희_4-04mAh_M1 ATL Anode Half T23 GITT 0.1C\M01Ch028[028]\251224_260110_00_박민희_4-04mAh_M1 ATL Anode Half T23 GITT 0.1C.sch,GITT_0.1C_half_an_4.04mAh_SDI_M1_ref,GITT/ECT,26,740721,131077,50,36,,,,,300.0,,False,False,False
59,성능,성능\260109_260112_05_이근준_5000mAh_Gen5P Si5 ATL T2 3M 보관 용량 측정 4cycle SOC 30 setting ch7 to 12\M01Ch007[007]\260109_260112_05_이근준_5000mAh_Gen5P Si5 ATL T2 3M 보관 용량 측정 4cycle SOC 30 setting ch7 to 12.sch,4.53V_Si_5000mAh 0.2C recovery capacity 4cycle SOC30 setting,OTHER,14,740721,131077,50,3,4580.0,2950.0,,,60.0,,False,False,False
60,성능,성능\260109_260112_05_이근준_5000mAh_Gen5P Si5 ATL T2 3M 보관 용량 측정 4cycle SOC 30 setting ch7 to 12\M01Ch008[008]\260109_260112_05_이근준_5000mAh_Gen5P Si5 ATL T2 3M 보관 용량 측정 4cycle SOC 30 setting ch7 to 12.sch,4.53V_Si_5000mAh 0.2C recovery capacity 4cycle SOC30 setting,OTHER,14,740721,131077,50,3,4580.0,2950.0,,,60.0,,False,False,False
61,성능,성능\260109_260112_05_이근준_5000mAh_Gen5P Si5 ATL T2 3M 보관 용량 측정 4cycle SOC 30 setting ch7 to 12\M01Ch009[009]\260109_260112_05_이근준_5000mAh_Gen5P Si5 ATL T2 3M 보관 용량 측정 4cycle SOC 30 setting ch7 to 12.sch,4.53V_Si_5000mAh 0.2C recovery capacity 4cycle SOC30 setting,OTHER,14,740721,131077,50,3,4580.0,2950.0,,,60.0,,False,False,False
62,성능,성능\260109_260112_05_이근준_5000mAh_Gen5P Si5 ATL T2 3M 보관 용량 측정 4cycle SOC 30 setting ch7 to 12\M01Ch010[010]\260109_260112_05_이근준_5000mAh_Gen5P Si5 ATL T2 3M 보관 용량 측정 4cycle SOC 30 setting ch7 to 12.sch,4.53V_Si_5000mAh 0.2C recovery capacity 4cycle SOC30 setting,OTHER,14,740721,131077,50,3,4580.0,2950.0,,,60.0,,False,False,False
63,성능,성능\260109_260112_05_이근준_5000mAh_Gen5P Si5 ATL T2 3M 보관 용량 측정 4cycle SOC 30 setting ch7 to 12\M01Ch011[011]\260109_260112_05_이근준_5000mAh_Gen5P Si5 ATL T2 3M 보관 용량 측정 4cycle SOC 30 setting ch7 to 12.sch,4.53V_Si_5000mAh 0.2C recovery capacity 4cycle SOC30 setting,OTHER,14,740721,131077,50,3,4580.0,2950.0,,,60.0,,False,False,False
64,성능,성능\260109_260112_05_이근준_5000mAh_Gen5P Si5 ATL T2 3M 보관 용량 측정 4cycle SOC 30 setting ch7 to 12\M01Ch012[012]\260109_260112_05_이근준_5000mAh_Gen5P Si5 ATL T2 3M 보관 용량 측정 4cycle SOC 30 setting ch7 to 12.sch,4.53V_Si_5000mAh 0.2C recovery capacity 4cycle SOC30 setting,OTHER,14,740721,131077,50,3,4580.0,2950.0,,,60.0,,False,False,False
65,성능,성능\260112_260312_03_나무늬_2688mAh_Gen5+B SDI MP2 2.0C EPF HT Floating + 120D\M01Ch057[057]\260112_260312_03_나무늬_2688mAh_Gen5+B SDI MP2 2.0C EPF HT Floating + 120D.sch,4.55V Floating 2688mAh +120D,floating,4,740721,131077,50,12,4600.0,,2200.0,2100.0,60.0,,False,False,False
66,성능,성능\260112_260312_03_나무늬_2688mAh_Gen5+B SDI MP2 2.0C EPF HT Floating + 120D\M01Ch058[058]\260112_260312_03_나무늬_2688mAh_Gen5+B SDI MP2 2.0C EPF HT Floating + 120D.sch,4.55V Floating 2688mAh +120D,floating,4,740721,131077,50,12,4600.0,,2200.0,2100.0,60.0,,False,False,False
67,성능,성능\260202_260226_05_문현규_5075mAh_Cosmx 25Si 율별용량+Hybrid ch54\M01Ch054[054]\260202_260226_05_문현규_5075mAh_Cosmx 25Si 율별용량+Hybrid ch54.sch,�������� 5075mAh+ hybrid,OTHER,154,740721,131077,50,21,4600.0,2700.0,1065.0,965.0,60.0,,True,False,False
68,성능,성능\260204_260226_05_문현규_4900mAh_Cosmx gen5 율별용량 ch61\M01Ch061[061]\260204_260226_05_문현규_4900mAh_Cosmx gen5 율별용량 ch61.sch,�������� 4900mAh 2C,OTHER,76,740721,131077,50,25,4580.0,2700.0,1030.0,930.0,60.0,,False,False,False
69,성능,성능\260204_260226_05_문현규_5070mAh_Cosmx Gen5P 율별용량\M01Ch043[043]\260204_260226_05_문현규_5070mAh_Cosmx Gen5P 율별용량.sch,�������� 5070mAh 2C,OTHER,76,740721,131077,50,26,4580.0,2700.0,1064.0,964.0,60.0,,False,False,False
70,성능,성능\260211_260310_05_문현규_3885mAh_POR 40C pulse PA1 ATL\M01Ch002[002]\260211_260310_05_문현규_3885mAh_POR 40C pulse PA1 ATL.sch,POR���� v2 ������pulse PA1 ATL,OTHER,89,740721,131077,50,1,4550.0,,,,60.0,,False,False,False
71,성능,성능\260211_260310_05_문현규_3885mAh_POR 40C pulse PA1 ATL\M01Ch002[002]\260211_260310_05_문현규_3885mAh_POR 40C pulse PA1 ATL_000.sch,POR���� v2 ������pulse PA1 ATL,OTHER,89,740721,131077,50,1,4550.0,,,,60.0,,False,False,False
72,성능,성능\260211_260310_05_문현규_3885mAh_POR 40C pulse PA1 SDI\M01Ch001[001]\260211_260310_05_문현규_3885mAh_POR 40C pulse PA1 SDI.sch,POR���� v2 ������ pulse PA1 SDI(stack),OTHER,89,740721,131077,50,2,4550.0,,,,60.0,,False,False,False
73,성능,성능\260211_260310_05_문현규_3885mAh_POR 40C pulse PA1 SDI\M01Ch001[001]\260211_260310_05_문현규_3885mAh_POR 40C pulse PA1 SDI_000.sch,POR���� v2 ������ pulse PA1 SDI(stack),OTHER,89,740721,131077,50,2,4550.0,2950.0,827.0,727.0,60.0,,False,False,False
74,성능,성능\260211_260310_05_문현규_3885mAh_POR 40C pulse PA1 SDI\M01Ch001[001]\260211_260310_05_문현규_3885mAh_POR 40C pulse PA1 SDI_001.sch,POR���� v2 ������ pulse PA1 SDI(stack),OTHER,89,740721,131077,50,2,4550.0,,,,60.0,,False,False,False
75,성능,성능\260211_260310_05_문현규_4855mAh_POR 40C pulse PA3 ATL\M01Ch004[004]\260211_260310_05_문현규_4855mAh_POR 40C pulse PA3 ATL.sch,POR���� v2 ������ pulse PA3 ATL,OTHER,90,740721,131077,50,4,4550.0,,,,60.0,,False,False,False
76,성능,성능\260211_260310_05_문현규_4855mAh_POR 40C pulse PA3 ATL\M01Ch004[004]\260211_260310_05_문현규_4855mAh_POR 40C pulse PA3 ATL_000.sch,POR���� v2 ������ pulse PA3 ATL,OTHER,90,740721,131077,50,4,4550.0,2950.0,1021.0,921.0,60.0,,False,False,False
77,성능,성능\260211_260310_05_문현규_4855mAh_POR 40C pulse PA3 ATL\M01Ch004[004]\260211_260310_05_문현규_4855mAh_POR 40C pulse PA3 ATL_001.sch,POR���� v2 ������ pulse PA3 ATL,OTHER,90,740721,131077,50,4,4550.0,,,,60.0,,False,False,False
78,성능,성능\260211_260310_05_문현규_4855mAh_POR 40C pulse PA3 SDI\M01Ch005[005]\260211_260310_05_문현규_4855mAh_POR 40C pulse PA3 SDI.sch,POR���� v2 ������ pulse PA3 SDI,OTHER,90,740721,131077,50,5,4550.0,,,,60.0,,False,False,False
79,성능,성능\260211_260310_05_문현규_4855mAh_POR 40C pulse PA3 SDI\M01Ch005[005]\260211_260310_05_문현규_4855mAh_POR 40C pulse PA3 SDI_000.sch,POR���� v2 ������ pulse PA3 SDI,OTHER,90,740721,131077,50,5,4550.0,2950.0,1021.0,921.0,60.0,,False,False,False
80,성능,성능\260211_260310_05_문현규_4855mAh_POR 40C pulse PA3 SDI\M01Ch005[005]\260211_260310_05_문현규_4855mAh_POR 40C pulse PA3 SDI_001.sch,POR���� v2 ������ pulse PA3 SDI,OTHER,90,740721,131077,50,5,4550.0,,,,60.0,,False,False,False
81,성능,성능\260212_260215_05_한지영_5432mAh_SDI Phase2 MP2 Fresh DCIR SOC10\M01Ch022[022]\260212_260215_05_한지영_5432mAh_SDI Phase2 MP2 Fresh DCIR SOC10.sch,SDI Phase2 MP2 5432mAh DCIR,DCIR/RSS,42,740721,131077,50,26,4550.0,2950.0,1137.0,1037.0,60.0,,False,False,False
82,성능,성능\260212_260215_05_한지영_5432mAh_SDI Phase2 MP2 Fresh DCIR SOC10\M01Ch023[023]\260212_260215_05_한지영_5432mAh_SDI Phase2 MP2 Fresh DCIR SOC10.sch,SDI Phase2 MP2 5432mAh DCIR,DCIR/RSS,42,740721,131077,50,26,4550.0,2950.0,1137.0,1037.0,60.0,,False,False,False
83,성능,성능\260212_260215_05_한지영_5432mAh_SDI Phase2 MP2 고온수명후 DCIR SOC10\M01Ch024[024]\260212_260215_05_한지영_5432mAh_SDI Phase2 MP2 고온수명후 DCIR SOC10.sch,SDI Phase2 MP2 5432mAh DCIR,DCIR/RSS,32,740721,131077,50,27,4550.0,2950.0,1137.0,1037.0,60.0,,False,False,False
84,성능,성능\260212_260215_05_한지영_5432mAh_SDI Phase2 MP2 고온수명후 DCIR SOC10\M01Ch026[026]\260212_260215_05_한지영_5432mAh_SDI Phase2 MP2 고온수명후 DCIR SOC10.sch,SDI Phase2 MP2 5432mAh DCIR,DCIR/RSS,32,740721,131077,50,27,4550.0,2950.0,1137.0,1037.0,60.0,,False,False,False
85,성능,성능\260226_260228_05_문현규_3876mAh_PS 연속저장 DCIR\M01Ch024[024]\260226_260228_05_문현규_3876mAh_PS 연속저장 DCIR.sch,DCIR 3885mAh,DCIR/RSS,42,740721,131077,50,2,4550.0,2950.0,827.0,727.0,60.0,,False,False,False
86,성능,성능\260226_260228_05_문현규_3876mAh_PS 연속저장 DCIR\M01Ch025[025]\260226_260228_05_문현규_3876mAh_PS 연속저장 DCIR.sch,DCIR 3885mAh,DCIR/RSS,42,740721,131077,50,2,4550.0,2950.0,827.0,727.0,60.0,,False,False,False
87,성능,성능\260226_260228_05_문현규_3885mAh_PA1 연속저장 DCIR\M01Ch015[015]\260226_260228_05_문현규_3885mAh_PA1 연속저장 DCIR.sch,DCIR 3885mAh,DCIR/RSS,42,740721,131077,50,2,4550.0,2950.0,827.0,727.0,60.0,,False,False,False
88,성능,성능\260226_260228_05_문현규_3885mAh_PA1 연속저장 DCIR\M01Ch015[015]\260226_260228_05_문현규_3885mAh_PA1 연속저장 DCIR_000.sch,DCIR 3885mAh,DCIR/RSS,42,740721,131077,50,2,4550.0,2950.0,827.0,727.0,60.0,,False,False,False
89,성능,성능\260226_260228_05_문현규_3885mAh_PA1 연속저장 DCIR\M01Ch018[018]\260226_260228_05_문현규_3885mAh_PA1 연속저장 DCIR.sch,DCIR 3885mAh,DCIR/RSS,42,740721,131077,50,2,4550.0,2950.0,827.0,727.0,60.0,,False,False,False
90,성능,성능\260306_260318_05_현혜정_6330mAh_LWN 25P(after LT100cy) SOC별 DCIR 신규\M01Ch046[046]\260306_260318_05_현혜정_6330mAh_LWN 25P(after LT100cy) SOC별 DCIR 신규.sch,LWN Si25P SPL 6330mAh SOC�� DCIR v251124,DCIR/RSS,112,740721,131077,50,9,4600.0,2350.0,20000.0,,1.0,23.0,False,False,True
91,성능,성능\260306_260318_05_현혜정_6330mAh_LWN 25P(after LT100cy) SOC별 DCIR 신규\M01Ch047[047]\260306_260318_05_현혜정_6330mAh_LWN 25P(after LT100cy) SOC별 DCIR 신규.sch,LWN Si25P SPL 6330mAh SOC�� DCIR v251124,DCIR/RSS,112,740721,131077,50,9,4600.0,2350.0,20000.0,,1.0,23.0,False,False,True
92,성능,성능\260310_260312_05_이근준_4991mAh_Gen5P ATL MP1 8M Fresh 보관 용량 측정 2cycle SOC30 setting\M01Ch043[043]\260310_260312_05_이근준_4991mAh_Gen5P ATL MP1 8M Fresh 보관 용량 측정 2cycle SOC30 setting.sch,4.53V_Si_4991mAh 0.2C recovery capacity + SOC30,OTHER,14,740721,131077,50,1,4580.0,2950.0,1049.0,949.0,60.0,,False,False,False
93,성능,성능\260310_260312_05_이근준_4991mAh_Gen5P ATL MP1 8M Fresh 보관 용량 측정 2cycle SOC30 setting\M01Ch044[044]\260310_260312_05_이근준_4991mAh_Gen5P ATL MP1 8M Fresh 보관 용량 측정 2cycle SOC30 setting.sch,4.53V_Si_4991mAh 0.2C recovery capacity + SOC30,OTHER,14,740721,131077,50,1,4580.0,2950.0,1049.0,949.0,60.0,,False,False,False
94,성능,성능\260310_260312_05_이근준_4991mAh_Gen5P ATL MP1 8M Fresh 보관 용량 측정 2cycle SOC30 setting\M01Ch047[047]\260310_260312_05_이근준_4991mAh_Gen5P ATL MP1 8M Fresh 보관 용량 측정 2cycle SOC30 setting.sch,4.53V_Si_4991mAh 0.2C recovery capacity + SOC30,OTHER,14,740721,131077,50,1,4580.0,2950.0,1049.0,949.0,60.0,,False,False,False
95,성능,성능\260310_260312_05_이근준_4991mAh_Gen5P ATL MP1 8M Fresh 보관 용량 측정 2cycle SOC30 setting\M01Ch048[048]\260310_260312_05_이근준_4991mAh_Gen5P ATL MP1 8M Fresh 보관 용량 측정 2cycle SOC30 setting.sch,4.53V_Si_4991mAh 0.2C recovery capacity + SOC30,OTHER,14,740721,131077,50,1,4580.0,2950.0,1049.0,949.0,60.0,,False,False,False
96,성능,성능\260316_260320_05_현혜정_6330mAh_LWN 25P(after LT50cy) 0.5C-10min volt hysteresis\M01Ch044[044]\260316_260320_05_현혜정_6330mAh_LWN 25P(after LT50cy) 0.5C-10min volt hysteresis.sch,Si25P 6330mAh 0.5C-10min Voltage hysteresis test,hysteresis,136,740721,131077,50,7,,,,,60.0,,False,False,False
97,성능,성능\260316_270318_00_이성일_5882mAh_M47 ATL ECT GITT\M01Ch005[005]\260316_270318_00_이성일_5882mAh_M47 ATL ECT GITT.sch,5882mAh_ECT ����11 GITT,GITT/ECT,28,740721,131077,50,11,4580.0,2700.0,1227.0,1127.0,1.0,23.0,True,True,True
98,성능,성능\260316_270318_00_이성일_5882mAh_M47 ATL ECT GITT\M01Ch006[006]\260316_270318_00_이성일_5882mAh_M47 ATL ECT GITT.sch,5882mAh_ECT ����11 GITT,GITT/ECT,28,740721,131077,50,11,4580.0,2700.0,1227.0,1127.0,1.0,23.0,True,True,True
99,성능,성능\260316_270318_00_이성일_5882mAh_M47 ATL ECT parameter1\M01Ch021[021]\260316_270318_00_이성일_5882mAh_M47 ATL ECT parameter1.sch,5882mAh_ECT ����01,GITT/ECT,89,740721,131077,50,1,4180.0,3250.0,10320.0,10220.0,60.0,23.0,True,True,True
100,성능,성능\260316_270318_00_이성일_5882mAh_M47 ATL ECT parameter10\M01Ch030[030]\260316_270318_00_이성일_5882mAh_M47 ATL ECT parameter10.sch,5882mAh_ECT ����10,GITT/ECT,62,740721,131077,50,10,4180.0,3250.0,10320.0,10220.0,60.0,23.0,True,True,True
101,성능,성능\260316_270318_00_이성일_5882mAh_M47 ATL ECT parameter10\M01Ch030[030]\260316_270318_00_이성일_5882mAh_M47 ATL ECT parameter10_000.sch,5882mAh_ECT ����10,GITT/ECT,62,740721,131077,50,10,4180.0,3250.0,10320.0,10220.0,60.0,23.0,True,True,True
102,성능,성능\260316_270318_00_이성일_5882mAh_M47 ATL ECT parameter2\M01Ch022[022]\260316_270318_00_이성일_5882mAh_M47 ATL ECT parameter2.sch,5882mAh_ECT ����02,GITT/ECT,89,740721,131077,50,2,4180.0,3250.0,10320.0,10220.0,60.0,23.0,True,True,True
103,성능,성능\260316_270318_00_이성일_5882mAh_M47 ATL ECT parameter3\M01Ch023[023]\260316_270318_00_이성일_5882mAh_M47 ATL ECT parameter3.sch,5882mAh_ECT ����03,GITT/ECT,89,740721,131077,50,3,4180.0,3250.0,10320.0,10220.0,60.0,23.0,True,True,True
104,성능,성능\260316_270318_00_이성일_5882mAh_M47 ATL ECT parameter4\M01Ch024[024]\260316_270318_00_이성일_5882mAh_M47 ATL ECT parameter4.sch,5882mAh_ECT ����04,GITT/ECT,89,740721,131077,50,4,4180.0,3250.0,10320.0,10220.0,60.0,23.0,True,True,True
105,성능,성능\260316_270318_00_이성일_5882mAh_M47 ATL ECT parameter5\M01Ch025[025]\260316_270318_00_이성일_5882mAh_M47 ATL ECT parameter5.sch,5882mAh_ECT ����05,GITT/ECT,89,740721,131077,50,5,4180.0,3250.0,10320.0,10220.0,60.0,23.0,True,True,True
106,성능,성능\260316_270318_00_이성일_5882mAh_M47 ATL ECT parameter6\M01Ch026[026]\260316_270318_00_이성일_5882mAh_M47 ATL ECT parameter6.sch,5882mAh_ECT ����06,GITT/ECT,89,740721,131077,50,6,4180.0,3250.0,10320.0,10220.0,60.0,23.0,True,True,True
107,성능,성능\260316_270318_00_이성일_5882mAh_M47 ATL ECT parameter7\M01Ch027[027]\260316_270318_00_이성일_5882mAh_M47 ATL ECT parameter7.sch,5882mAh_ECT ����07,GITT/ECT,89,740721,131077,50,7,4180.0,3250.0,10320.0,10220.0,60.0,23.0,True,True,True
108,성능,성능\260316_270318_00_이성일_5882mAh_M47 ATL ECT parameter8\M01Ch028[028]\260316_270318_00_이성일_5882mAh_M47 ATL ECT parameter8.sch,5882mAh_ECT ����08,GITT/ECT,89,740721,131077,50,8,4180.0,3250.0,10320.0,10220.0,60.0,23.0,True,True,True
109,성능,성능\260316_270318_00_이성일_5882mAh_M47 ATL ECT parameter9\M01Ch029[029]\260316_270318_00_이성일_5882mAh_M47 ATL ECT parameter9.sch,5882mAh_ECT ����09,GITT/ECT,89,740721,131077,50,9,4180.0,3250.0,10320.0,10220.0,60.0,23.0,True,True,True
110,성능,성능\260317_260325_05_현혜정_4986mAh_SDI Gen5+ MP1 0.2C-10min volt hysteresis\M01Ch014[014]\260317_260325_05_현혜정_4986mAh_SDI Gen5+ MP1 0.2C-10min volt hysteresis.sch,4986mAh 4.53-2.9V 0.2C-10min REST Voltage hysteresis test,hysteresis,136,740721,131077,50,11,,,,,60.0,,False,False,False
111,성능,성능\260319_260326_05_현혜정_6330mAh_LWN 25P(after LT50cy) 0.2C-10min volt hysteresis\M01Ch044[044]\260319_260326_05_현혜정_6330mAh_LWN 25P(after LT50cy) 0.2C-10min volt hysteresis.sch,Si25P 6330mAh 0.2C-10min Voltage hysteresis test,hysteresis,136,740721,131077,50,6,,,,,60.0,,False,False,False
112,성능,성능\260326_260329_00_류성택_4860mAh_A17 ATL ECT parameter1\M01Ch017[017]\260326_260329_00_류성택_4860mAh_A17 ATL ECT parameter1.sch,4860mAh_ECT ����01,GITT/ECT,89,740721,131077,50,2,4190.0,3250.0,5590.0,5490.0,60.0,23.0,True,False,True
113,성능,성능\260326_260329_00_류성택_4860mAh_A17 ATL ECT parameter1\M01Ch017[017]\260326_260329_00_류성택_4860mAh_A17 ATL ECT parameter1_000.sch,4860mAh_ECT ����01,GITT/ECT,89,740721,131077,50,2,4190.0,3250.0,5590.0,5490.0,60.0,23.0,True,False,True
114,성능,성능\260326_260329_00_류성택_4860mAh_A17 ATL ECT parameter1\M01Ch017[017]\260326_260329_00_류성택_4860mAh_A17 ATL ECT parameter1_001.sch,4860mAh_ECT ����01,GITT/ECT,89,740721,131077,50,2,4190.0,3250.0,5590.0,5490.0,60.0,23.0,True,False,True
115,성능,성능\260326_260329_00_류성택_4860mAh_A17 ATL ECT parameter10\M01Ch026[026]\260326_260329_00_류성택_4860mAh_A17 ATL ECT parameter10.sch,4860mAh_ECT ����10_����,GITT/ECT,58,740721,131077,50,11,4190.0,3250.0,5590.0,5490.0,60.0,23.0,True,False,True
116,성능,성능\260326_260329_00_류성택_4860mAh_A17 ATL ECT parameter10\M01Ch026[026]\260326_260329_00_류성택_4860mAh_A17 ATL ECT parameter10_000.sch,4860mAh_ECT ����10_����,GITT/ECT,58,740721,131077,50,11,4190.0,3250.0,5590.0,5490.0,60.0,23.0,True,False,True
117,성능,성능\260326_260329_00_류성택_4860mAh_A17 ATL ECT parameter11 GITT\M01Ch007[007]\260326_260329_00_류성택_4860mAh_A17 ATL ECT parameter11 GITT.sch,4860mAh_ECT ����11 GITT,GITT/ECT,28,740721,131077,50,12,4520.0,2700.0,1022.0,922.0,1.0,-10.0,True,True,True
118,성능,성능\260326_260329_00_류성택_4860mAh_A17 ATL ECT parameter11 GITT\M01Ch008[008]\260326_260329_00_류성택_4860mAh_A17 ATL ECT parameter11 GITT.sch,4860mAh_ECT ����11 GITT,GITT/ECT,28,740721,131077,50,12,4520.0,2700.0,1022.0,922.0,1.0,-10.0,True,True,True
119,성능,성능\260326_260329_00_류성택_4860mAh_A17 ATL ECT parameter2\M01Ch018[018]\260326_260329_00_류성택_4860mAh_A17 ATL ECT parameter2.sch,4860mAh_ECT ����02,GITT/ECT,89,740721,131077,50,3,4190.0,3250.0,5590.0,5490.0,60.0,23.0,True,False,True
120,성능,성능\260326_260329_00_류성택_4860mAh_A17 ATL ECT parameter2\M01Ch018[018]\260326_260329_00_류성택_4860mAh_A17 ATL ECT parameter2_000.sch,4860mAh_ECT ����02,GITT/ECT,89,740721,131077,50,3,4190.0,3250.0,5590.0,5490.0,60.0,23.0,True,False,True
121,성능,성능\260326_260329_00_류성택_4860mAh_A17 ATL ECT parameter2\M01Ch018[018]\260326_260329_00_류성택_4860mAh_A17 ATL ECT parameter2_001.sch,4860mAh_ECT ����02,GITT/ECT,89,740721,131077,50,3,4190.0,3250.0,5590.0,5490.0,60.0,23.0,True,False,True
122,성능,성능\260326_260329_00_류성택_4860mAh_A17 ATL ECT parameter3\M01Ch019[019]\260326_260329_00_류성택_4860mAh_A17 ATL ECT parameter3.sch,4860mAh_ECT ����03,GITT/ECT,89,740721,131077,50,4,4190.0,3250.0,5590.0,5490.0,60.0,23.0,True,False,True
123,성능,성능\260326_260329_00_류성택_4860mAh_A17 ATL ECT parameter3\M01Ch019[019]\260326_260329_00_류성택_4860mAh_A17 ATL ECT parameter3_000.sch,4860mAh_ECT ����03,GITT/ECT,89,740721,131077,50,4,4190.0,3250.0,5590.0,5490.0,60.0,23.0,True,False,True
124,성능,성능\260326_260329_00_류성택_4860mAh_A17 ATL ECT parameter3\M01Ch019[019]\260326_260329_00_류성택_4860mAh_A17 ATL ECT parameter3_001.sch,4860mAh_ECT ����03,GITT/ECT,89,740721,131077,50,4,4190.0,3250.0,5590.0,5490.0,60.0,23.0,True,False,True
125,성능,성능\260326_260329_00_류성택_4860mAh_A17 ATL ECT parameter4\M01Ch020[020]\260326_260329_00_류성택_4860mAh_A17 ATL ECT parameter4.sch,4860mAh_ECT ����04,GITT/ECT,89,740721,131077,50,5,4190.0,3250.0,5590.0,5490.0,60.0,23.0,True,False,True
126,성능,성능\260326_260329_00_류성택_4860mAh_A17 ATL ECT parameter4\M01Ch020[020]\260326_260329_00_류성택_4860mAh_A17 ATL ECT parameter4_000.sch,4860mAh_ECT ����04,GITT/ECT,89,740721,131077,50,5,4190.0,3250.0,5590.0,5490.0,60.0,23.0,True,False,True
127,성능,성능\260326_260329_00_류성택_4860mAh_A17 ATL ECT parameter4\M01Ch020[020]\260326_260329_00_류성택_4860mAh_A17 ATL ECT parameter4_001.sch,4860mAh_ECT ����04,GITT/ECT,89,740721,131077,50,5,4190.0,3250.0,5590.0,5490.0,60.0,23.0,True,False,True
128,성능,성능\260326_260329_00_류성택_4860mAh_A17 ATL ECT parameter5\M01Ch021[021]\260326_260329_00_류성택_4860mAh_A17 ATL ECT parameter5.sch,4860mAh_ECT ����05,GITT/ECT,89,740721,131077,50,6,4190.0,3250.0,5590.0,5490.0,60.0,23.0,True,False,True
129,성능,성능\260326_260329_00_류성택_4860mAh_A17 ATL ECT parameter5\M01Ch021[021]\260326_260329_00_류성택_4860mAh_A17 ATL ECT parameter5_000.sch,4860mAh_ECT ����05,GITT/ECT,89,740721,131077,50,6,4510.0,2650.0,20000.0,,60.0,23.0,True,False,True
130,성능,성능\260326_260329_00_류성택_4860mAh_A17 ATL ECT parameter5\M01Ch021[021]\260326_260329_00_류성택_4860mAh_A17 ATL ECT parameter5_001.sch,4860mAh_ECT ����05,GITT/ECT,89,740721,131077,50,6,4190.0,3250.0,5590.0,5490.0,60.0,23.0,True,False,True
131,성능,성능\260326_260329_00_류성택_4860mAh_A17 ATL ECT parameter6\M01Ch022[022]\260326_260329_00_류성택_4860mAh_A17 ATL ECT parameter6.sch,4860mAh_ECT ����06,GITT/ECT,89,740721,131077,50,7,4190.0,3250.0,5590.0,5490.0,60.0,23.0,True,False,True
132,성능,성능\260326_260329_00_류성택_4860mAh_A17 ATL ECT parameter6\M01Ch022[022]\260326_260329_00_류성택_4860mAh_A17 ATL ECT parameter6_000.sch,4860mAh_ECT ����06,GITT/ECT,89,740721,131077,50,7,4510.0,2650.0,20000.0,,60.0,23.0,True,False,True
133,성능,성능\260326_260329_00_류성택_4860mAh_A17 ATL ECT parameter6\M01Ch022[022]\260326_260329_00_류성택_4860mAh_A17 ATL ECT parameter6_001.sch,4860mAh_ECT ����06,GITT/ECT,89,740721,131077,50,7,4190.0,3250.0,5590.0,5490.0,60.0,23.0,True,False,True
134,성능,성능\260326_260329_00_류성택_4860mAh_A17 ATL ECT parameter7\M01Ch023[023]\260326_260329_00_류성택_4860mAh_A17 ATL ECT parameter7.sch,4860mAh_ECT ����07,GITT/ECT,89,740721,131077,50,8,4190.0,3250.0,5590.0,5490.0,60.0,23.0,True,False,True
135,성능,성능\260326_260329_00_류성택_4860mAh_A17 ATL ECT parameter7\M01Ch023[023]\260326_260329_00_류성택_4860mAh_A17 ATL ECT parameter7_000.sch,4860mAh_ECT ����07,GITT/ECT,89,740721,131077,50,8,4510.0,2650.0,20000.0,,60.0,23.0,True,False,True
136,성능,성능\260326_260329_00_류성택_4860mAh_A17 ATL ECT parameter7\M01Ch023[023]\260326_260329_00_류성택_4860mAh_A17 ATL ECT parameter7_001.sch,4860mAh_ECT ����07,GITT/ECT,89,740721,131077,50,8,4190.0,3250.0,5590.0,5490.0,60.0,23.0,True,False,True
137,성능,성능\260326_260329_00_류성택_4860mAh_A17 ATL ECT parameter8\M01Ch024[024]\260326_260329_00_류성택_4860mAh_A17 ATL ECT parameter8.sch,4860mAh_ECT ����08,GITT/ECT,89,740721,131077,50,9,4190.0,3250.0,5590.0,5490.0,60.0,23.0,True,False,True
138,성능,성능\260326_260329_00_류성택_4860mAh_A17 ATL ECT parameter8\M01Ch024[024]\260326_260329_00_류성택_4860mAh_A17 ATL ECT parameter8_000.sch,4860mAh_ECT ����08,GITT/ECT,89,740721,131077,50,9,4520.0,2650.0,20000.0,,60.0,23.0,True,False,True
139,성능,성능\260326_260329_00_류성택_4860mAh_A17 ATL ECT parameter8\M01Ch024[024]\260326_260329_00_류성택_4860mAh_A17 ATL ECT parameter8_001.sch,4860mAh_ECT ����08,GITT/ECT,89,740721,131077,50,9,4190.0,3250.0,5590.0,5490.0,60.0,23.0,True,False,True
140,성능,성능\260326_260329_00_류성택_4860mAh_A17 ATL ECT parameter9\M01Ch025[025]\260326_260329_00_류성택_4860mAh_A17 ATL ECT parameter9.sch,4860mAh_ECT ����09,GITT/ECT,89,740721,131077,50,10,4190.0,3250.0,5590.0,5490.0,60.0,23.0,True,False,True
141,성능,성능\260326_260329_00_류성택_4860mAh_A17 ATL ECT parameter9\M01Ch025[025]\260326_260329_00_류성택_4860mAh_A17 ATL ECT parameter9_000.sch,4860mAh_ECT ����09,GITT/ECT,89,740721,131077,50,10,4190.0,3250.0,5590.0,5490.0,60.0,23.0,True,False,True
142,성능,성능\260326_260329_00_류성택_4860mAh_A17 SDI ECT parameter1\M01Ch027[027]\260326_260329_00_류성택_4860mAh_A17 SDI ECT parameter1.sch,4860mAh_ECT ����01,GITT/ECT,89,740721,131077,50,2,4190.0,3250.0,5590.0,5490.0,60.0,23.0,True,False,True
143,성능,성능\260326_260329_00_류성택_4860mAh_A17 SDI ECT parameter1\M01Ch027[027]\260326_260329_00_류성택_4860mAh_A17 SDI ECT parameter1_000.sch,4860mAh_ECT ����01,GITT/ECT,89,740721,131077,50,2,4190.0,3250.0,5590.0,5490.0,60.0,23.0,True,False,True
144,성능,성능\260326_260329_00_류성택_4860mAh_A17 SDI ECT parameter11 GITT\M01Ch001[001]\260326_260329_00_류성택_4860mAh_A17 SDI ECT parameter11 GITT.sch,4860mAh_ECT ����11 GITT,GITT/ECT,28,740721,131077,50,12,4520.0,2700.0,1022.0,922.0,1.0,-10.0,True,True,True
145,성능,성능\260326_260329_00_류성택_4860mAh_A17 SDI ECT parameter11 GITT\M01Ch002[002]\260326_260329_00_류성택_4860mAh_A17 SDI ECT parameter11 GITT.sch,4860mAh_ECT ����11 GITT,GITT/ECT,28,740721,131077,50,12,4520.0,2700.0,1022.0,922.0,1.0,-10.0,True,True,True
146,성능,성능\260326_260329_00_류성택_4860mAh_A17 SDI ECT parameter2\M01Ch028[028]\260326_260329_00_류성택_4860mAh_A17 SDI ECT parameter2.sch,4860mAh_ECT ����02,GITT/ECT,89,740721,131077,50,3,4190.0,3250.0,5590.0,5490.0,60.0,23.0,True,False,True
147,성능,성능\260326_260329_00_류성택_4860mAh_A17 SDI ECT parameter2\M01Ch028[028]\260326_260329_00_류성택_4860mAh_A17 SDI ECT parameter2_000.sch,4860mAh_ECT ����02,GITT/ECT,89,740721,131077,50,3,4190.0,3250.0,5590.0,5490.0,60.0,23.0,True,False,True
148,성능,성능\260326_260329_00_류성택_4860mAh_A17 SDI ECT parameter3\M01Ch029[029]\260326_260329_00_류성택_4860mAh_A17 SDI ECT parameter3.sch,4860mAh_ECT ����03,GITT/ECT,89,740721,131077,50,4,4190.0,3250.0,5590.0,5490.0,60.0,23.0,True,False,True
149,성능,성능\260326_260329_00_류성택_4860mAh_A17 SDI ECT parameter3\M01Ch029[029]\260326_260329_00_류성택_4860mAh_A17 SDI ECT parameter3_000.sch,4860mAh_ECT ����03,GITT/ECT,89,740721,131077,50,4,4190.0,3250.0,5590.0,5490.0,60.0,23.0,True,False,True
150,성능,성능\260326_260329_00_류성택_4860mAh_A17 SDI ECT parameter4\M01Ch030[030]\260326_260329_00_류성택_4860mAh_A17 SDI ECT parameter4.sch,4860mAh_ECT ����04,GITT/ECT,89,740721,131077,50,5,4190.0,3250.0,5590.0,5490.0,60.0,23.0,True,False,True
151,성능,성능\260326_260329_00_류성택_4860mAh_A17 SDI ECT parameter4\M01Ch030[030]\260326_260329_00_류성택_4860mAh_A17 SDI ECT parameter4_000.sch,4860mAh_ECT ����04,GITT/ECT,89,740721,131077,50,5,4190.0,3250.0,5590.0,5490.0,60.0,23.0,True,False,True
152,성능,성능\260326_260329_00_류성택_4860mAh_A17 SDI ECT parameter5\M01Ch031[031]\260326_260329_00_류성택_4860mAh_A17 SDI ECT parameter5.sch,4860mAh_ECT ����05,GITT/ECT,89,740721,131077,50,6,4190.0,3250.0,5590.0,5490.0,60.0,23.0,True,False,True
153,성능,성능\260326_260329_00_류성택_4860mAh_A17 SDI ECT parameter5\M01Ch031[031]\260326_260329_00_류성택_4860mAh_A17 SDI ECT parameter5_000.sch,4860mAh_ECT ����05,GITT/ECT,89,740721,131077,50,6,4190.0,3250.0,5590.0,5490.0,60.0,23.0,True,False,True
154,성능,성능\260326_260329_00_류성택_4860mAh_A17 SDI ECT parameter6\M01Ch032[032]\260326_260329_00_류성택_4860mAh_A17 SDI ECT parameter6.sch,4860mAh_ECT ����06,GITT/ECT,89,740721,131077,50,7,4190.0,3250.0,5590.0,5490.0,60.0,23.0,True,False,True
155,성능,성능\260326_260329_00_류성택_4860mAh_A17 SDI ECT parameter6\M01Ch032[032]\260326_260329_00_류성택_4860mAh_A17 SDI ECT parameter6_000.sch,4860mAh_ECT ����06,GITT/ECT,89,740721,131077,50,7,4190.0,3250.0,5590.0,5490.0,60.0,23.0,True,False,True
156,성능,성능\260326_270326_00_류성택_4860mAh_A17 SDI ECT Parameter10\M01Ch008[008]\260326_270326_00_류성택_4860mAh_A17 SDI ECT Parameter10.sch,4860mAh_ECT ����10_����,GITT/ECT,58,740721,131077,50,10,4190.0,3250.0,5590.0,5490.0,60.0,23.0,True,False,True
157,성능,성능\260326_270326_00_류성택_4860mAh_A17 SDI ECT Parameter10\M01Ch008[008]\260326_270326_00_류성택_4860mAh_A17 SDI ECT Parameter10_000.sch,4860mAh_ECT ����10_����,GITT/ECT,58,740721,131077,50,10,4190.0,3250.0,5590.0,5490.0,60.0,23.0,True,False,True
158,성능,성능\260326_270326_00_류성택_4860mAh_A17 SDI ECT Parameter7\M01Ch005[005]\260326_270326_00_류성택_4860mAh_A17 SDI ECT Parameter7.sch,4860mAh_ECT ����07,GITT/ECT,89,740721,131077,50,7,4190.0,3250.0,5590.0,5490.0,60.0,23.0,True,False,True
159,성능,성능\260326_270326_00_류성택_4860mAh_A17 SDI ECT Parameter7\M01Ch005[005]\260326_270326_00_류성택_4860mAh_A17 SDI ECT Parameter7_000.sch,4860mAh_ECT ����07,GITT/ECT,89,740721,131077,50,7,4190.0,3250.0,5590.0,5490.0,60.0,23.0,True,False,True
160,성능,성능\260326_270326_00_류성택_4860mAh_A17 SDI ECT Parameter8\M01Ch006[006]\260326_270326_00_류성택_4860mAh_A17 SDI ECT Parameter8.sch,4860mAh_ECT ����08,GITT/ECT,89,740721,131077,50,8,4190.0,3250.0,5590.0,5490.0,60.0,23.0,True,False,True
161,성능,성능\260326_270326_00_류성택_4860mAh_A17 SDI ECT Parameter8\M01Ch006[006]\260326_270326_00_류성택_4860mAh_A17 SDI ECT Parameter8_000.sch,4860mAh_ECT ����08,GITT/ECT,89,740721,131077,50,8,4190.0,3250.0,5590.0,5490.0,60.0,23.0,True,False,True
162,성능,성능\260326_270326_00_류성택_4860mAh_A17 SDI ECT Parameter9\M01Ch007[007]\260326_270326_00_류성택_4860mAh_A17 SDI ECT Parameter9.sch,4860mAh_ECT ����09,GITT/ECT,89,740721,131077,50,9,4190.0,3250.0,5590.0,5490.0,60.0,23.0,True,False,True
163,성능,성능\260326_270326_00_류성택_4860mAh_A17 SDI ECT Parameter9\M01Ch007[007]\260326_270326_00_류성택_4860mAh_A17 SDI ECT Parameter9_000.sch,4860mAh_ECT ����09,GITT/ECT,89,740721,131077,50,9,4190.0,3250.0,5590.0,5490.0,60.0,23.0,True,False,True
164,성능,성능\260327_270405_00_이성일_5882mAh_ATL M47 ECT parameter1 RT\M01Ch015[015]\260327_270405_00_이성일_5882mAh_ATL M47 ECT parameter1 RT.sch,5882mAh_ECT ����01,GITT/ECT,80,740721,131077,50,14,4580.0,2700.0,1227.0,1127.0,1.0,23.0,False,False,True
165,성능,성능\260327_270405_00_이성일_5882mAh_ATL M47 ECT parameter1 RT\M01Ch015[015]\260327_270405_00_이성일_5882mAh_ATL M47 ECT parameter1 RT_000.sch,5882mAh_ECT ����01,GITT/ECT,80,740721,131077,50,14,4580.0,2700.0,1227.0,1127.0,1.0,23.0,False,False,True
166,성능,성능\260327_270405_00_이성일_5882mAh_ATL M47 ECT parameter10 RT\M01Ch046[046]\260327_270405_00_이성일_5882mAh_ATL M47 ECT parameter10 RT.sch,5882mAh_ECT ����10,GITT/ECT,53,740721,131077,50,23,4580.0,3250.0,1227.0,1127.0,1.0,23.0,False,False,True
167,성능,성능\260327_270405_00_이성일_5882mAh_ATL M47 ECT parameter10 RT\M01Ch046[046]\260327_270405_00_이성일_5882mAh_ATL M47 ECT parameter10 RT_000.sch,5882mAh_ECT ����10,GITT/ECT,53,740721,131077,50,23,4580.0,3250.0,1227.0,1127.0,1.0,23.0,False,False,True
168,성능,성능\260327_270405_00_이성일_5882mAh_ATL M47 ECT parameter2 RT\M01Ch016[016]\260327_270405_00_이성일_5882mAh_ATL M47 ECT parameter2 RT.sch,5882mAh_ECT ����02,GITT/ECT,80,740721,131077,50,15,4580.0,2700.0,1227.0,1127.0,1.0,23.0,False,False,True
169,성능,성능\260327_270405_00_이성일_5882mAh_ATL M47 ECT parameter2 RT\M01Ch016[016]\260327_270405_00_이성일_5882mAh_ATL M47 ECT parameter2 RT_000.sch,5882mAh_ECT ����02,GITT/ECT,80,740721,131077,50,15,4580.0,2700.0,1227.0,1127.0,1.0,23.0,False,False,True
170,성능,성능\260327_270405_00_이성일_5882mAh_ATL M47 ECT parameter3 RT\M01Ch026[026]\260327_270405_00_이성일_5882mAh_ATL M47 ECT parameter3 RT.sch,5882mAh_ECT ����03,GITT/ECT,80,740721,131077,50,16,4580.0,2700.0,1227.0,1127.0,1.0,23.0,False,False,True
171,성능,성능\260327_270405_00_이성일_5882mAh_ATL M47 ECT parameter3 RT\M01Ch026[026]\260327_270405_00_이성일_5882mAh_ATL M47 ECT parameter3 RT_000.sch,5882mAh_ECT ����03,GITT/ECT,80,740721,131077,50,16,4580.0,2700.0,1227.0,1127.0,1.0,23.0,False,False,True
172,성능,성능\260327_270405_00_이성일_5882mAh_ATL M47 ECT parameter4 RT\M01Ch027[027]\260327_270405_00_이성일_5882mAh_ATL M47 ECT parameter4 RT.sch,5882mAh_ECT ����04,GITT/ECT,80,740721,131077,50,17,4580.0,2700.0,1227.0,1127.0,1.0,23.0,False,False,True
173,성능,성능\260327_270405_00_이성일_5882mAh_ATL M47 ECT parameter4 RT\M01Ch027[027]\260327_270405_00_이성일_5882mAh_ATL M47 ECT parameter4 RT_000.sch,5882mAh_ECT ����04,GITT/ECT,80,740721,131077,50,17,4580.0,2700.0,1227.0,1127.0,1.0,23.0,False,False,True
174,성능,성능\260327_270405_00_이성일_5882mAh_ATL M47 ECT parameter5 RT\M01Ch028[028]\260327_270405_00_이성일_5882mAh_ATL M47 ECT parameter5 RT.sch,5882mAh_ECT ����05,GITT/ECT,80,740721,131077,50,18,4580.0,2700.0,1227.0,1127.0,1.0,23.0,False,False,True
175,성능,성능\260327_270405_00_이성일_5882mAh_ATL M47 ECT parameter5 RT\M01Ch028[028]\260327_270405_00_이성일_5882mAh_ATL M47 ECT parameter5 RT_000.sch,5882mAh_ECT ����05,GITT/ECT,80,740721,131077,50,18,4580.0,2700.0,1227.0,1127.0,1.0,23.0,False,False,True
176,성능,성능\260327_270405_00_이성일_5882mAh_ATL M47 ECT parameter6 RT\M01Ch029[029]\260327_270405_00_이성일_5882mAh_ATL M47 ECT parameter6 RT.sch,5882mAh_ECT ����06,GITT/ECT,80,740721,131077,50,19,4580.0,2700.0,1227.0,1127.0,1.0,23.0,False,False,True
177,성능,성능\260327_270405_00_이성일_5882mAh_ATL M47 ECT parameter6 RT\M01Ch029[029]\260327_270405_00_이성일_5882mAh_ATL M47 ECT parameter6 RT_000.sch,5882mAh_ECT ����06,GITT/ECT,80,740721,131077,50,19,4580.0,2700.0,1227.0,1127.0,1.0,23.0,False,False,True
178,성능,성능\260327_270405_00_이성일_5882mAh_ATL M47 ECT parameter7 RT\M01Ch030[030]\260327_270405_00_이성일_5882mAh_ATL M47 ECT parameter7 RT.sch,5882mAh_ECT ����07,GITT/ECT,80,740721,131077,50,20,4580.0,2700.0,1227.0,1127.0,1.0,23.0,True,False,True
179,성능,성능\260327_270405_00_이성일_5882mAh_ATL M47 ECT parameter7 RT\M01Ch030[030]\260327_270405_00_이성일_5882mAh_ATL M47 ECT parameter7 RT_000.sch,5882mAh_ECT ����07,GITT/ECT,80,740721,131077,50,20,4580.0,2700.0,1227.0,1127.0,1.0,23.0,True,False,True
180,성능,성능\260327_270405_00_이성일_5882mAh_ATL M47 ECT parameter8 RT\M01Ch042[042]\260327_270405_00_이성일_5882mAh_ATL M47 ECT parameter8 RT.sch,5882mAh_ECT ����08,GITT/ECT,80,740721,131077,50,21,4580.0,2700.0,1227.0,1127.0,1.0,23.0,True,False,True
181,성능,성능\260327_270405_00_이성일_5882mAh_ATL M47 ECT parameter8 RT\M01Ch042[042]\260327_270405_00_이성일_5882mAh_ATL M47 ECT parameter8 RT_000.sch,5882mAh_ECT ����08,GITT/ECT,80,740721,131077,50,21,4580.0,2700.0,1227.0,1127.0,1.0,23.0,True,False,True
182,성능,성능\260327_270405_00_이성일_5882mAh_ATL M47 ECT parameter9 RT\M01Ch045[045]\260327_270405_00_이성일_5882mAh_ATL M47 ECT parameter9 RT.sch,5882mAh_ECT ����09,GITT/ECT,80,740721,131077,50,22,4580.0,2700.0,1227.0,1127.0,1.0,23.0,False,False,True
183,성능,성능\260327_270405_00_이성일_5882mAh_ATL M47 ECT parameter9 RT\M01Ch045[045]\260327_270405_00_이성일_5882mAh_ATL M47 ECT parameter9 RT_000.sch,5882mAh_ECT ����09,GITT/ECT,80,740721,131077,50,22,4580.0,2700.0,1227.0,1127.0,1.0,23.0,False,False,True
184,성능,성능\260403_260407_00_류성택_5882mAh_ATL M47 ECT parameter1 HT\M01Ch057[057]\260403_260407_00_류성택_5882mAh_ATL M47 ECT parameter1 HT.sch,5882mAh_ECT ����01_HT,GITT/ECT,43,740721,131077,50,20,4580.0,2700.0,1227.0,1127.0,300.0,45.0,False,False,True
185,성능,성능\260403_260407_00_류성택_5882mAh_ATL M47 ECT parameter2 HT\M01Ch058[058]\260403_260407_00_류성택_5882mAh_ATL M47 ECT parameter2 HT.sch,5882mAh_ECT ����02_HT,GITT/ECT,43,740721,131077,50,21,4580.0,2700.0,1227.0,1127.0,300.0,45.0,False,False,True
186,성능,성능\260403_260407_00_류성택_5882mAh_ATL M47 ECT parameter3 HT\M01Ch059[059]\260403_260407_00_류성택_5882mAh_ATL M47 ECT parameter3 HT.sch,5882mAh_ECT ����03_HT,GITT/ECT,43,740721,131077,50,22,4580.0,2700.0,1227.0,1127.0,300.0,45.0,False,False,True
187,성능,성능\260403_260407_00_류성택_5882mAh_ATL M47 ECT parameter4 HT\M01Ch060[060]\260403_260407_00_류성택_5882mAh_ATL M47 ECT parameter4 HT.sch,5882mAh_ECT ����04_HT,GITT/ECT,43,740721,131077,50,23,4580.0,2700.0,1227.0,1127.0,300.0,45.0,False,False,True
188,성능,성능\260403_260407_00_류성택_5882mAh_ATL M47 ECT parameter5 HT\M01Ch061[061]\260403_260407_00_류성택_5882mAh_ATL M47 ECT parameter5 HT.sch,5882mAh_ECT ����05_HT,GITT/ECT,43,740721,131077,50,24,4580.0,2700.0,1227.0,1127.0,300.0,45.0,False,False,True
189,성능,성능\260403_260407_00_류성택_5882mAh_ATL M47 ECT parameter6 HT\M01Ch062[062]\260403_260407_00_류성택_5882mAh_ATL M47 ECT parameter6 HT.sch,5882mAh_ECT ����06_HT,GITT/ECT,43,740721,131077,50,25,4580.0,2700.0,2991.0,2891.0,300.0,45.0,False,False,True
190,성능,성능\260403_260407_00_류성택_5882mAh_ATL M47 ECT parameter7 HT\M01Ch063[063]\260403_260407_00_류성택_5882mAh_ATL M47 ECT parameter7 HT.sch,5882mAh_ECT ����07_HT,GITT/ECT,43,740721,131077,50,26,4580.0,2700.0,5932.0,5832.0,300.0,45.0,False,False,True
191,성능,성능\260403_260407_00_류성택_5882mAh_ATL M47 ECT parameter8 HT\M01Ch064[064]\260403_260407_00_류성택_5882mAh_ATL M47 ECT parameter8 HT.sch,5882mAh_ECT ����08_HT,GITT/ECT,43,740721,131077,50,27,4260.0,2700.0,11373.0,11273.0,300.0,45.0,True,False,True
192,성능,성능\260403_260407_00_류성택_5882mAh_ATL M47 ECT parameter9 HT\M01Ch055[055]\260403_260407_00_류성택_5882mAh_ATL M47 ECT parameter9 HT.sch,5882mAh_ECT ����09_HT,GITT/ECT,43,740721,131077,50,28,4580.0,2700.0,1227.0,1127.0,300.0,45.0,False,False,True
193,성능,성능\260406_260408_00_류성택_5882mAh_ATL M47 ECT parameter10 HT\M01Ch056[056]\260406_260408_00_류성택_5882mAh_ATL M47 ECT parameter10 HT.sch,5882mAh_ECT ����10_HT,GITT/ECT,43,740721,131077,50,29,4580.0,2700.0,1227.0,1127.0,300.0,45.0,True,True,True
194,성능,성능\260406_270408_00_류성택_5882mAh_M47 ATL ECT Parameter1 LT\M01Ch001[001]\260406_270408_00_류성택_5882mAh_M47 ATL ECT Parameter1 LT.sch,5882mAh_ECT ����01_LT,GITT/ECT,25,740721,131077,50,1,4580.0,2700.0,1227.0,1127.0,300.0,-10.0,False,False,True
195,성능,성능\260406_270408_00_류성택_5882mAh_M47 ATL ECT Parameter2 LT\M01Ch002[002]\260406_270408_00_류성택_5882mAh_M47 ATL ECT Parameter2 LT.sch,5882mAh_ECT ����02_LT,GITT/ECT,25,740721,131077,50,2,4580.0,2700.0,1227.0,1127.0,300.0,-10.0,False,False,True
196,성능,성능\260406_270408_00_류성택_5882mAh_M47 ATL ECT Parameter3 LT\M01Ch003[003]\260406_270408_00_류성택_5882mAh_M47 ATL ECT Parameter3 LT.sch,5882mAh_ECT ����03_LT,GITT/ECT,25,740721,131077,50,3,4580.0,2700.0,1227.0,1127.0,300.0,-10.0,False,False,True
197,성능,성능\260406_270408_00_류성택_5882mAh_M47 ATL ECT Parameter4 LT\M01Ch004[004]\260406_270408_00_류성택_5882mAh_M47 ATL ECT Parameter4 LT.sch,5882mAh_ECT ����04_LT,GITT/ECT,25,740721,131077,50,4,4580.0,2700.0,1227.0,1127.0,300.0,-10.0,False,False,True
198,성능_hysteresis,성능_hysteresis\260202_260210_05_현혜정_4875mAh_LWN Gen5 MP1-1 0.5C hysteresis\M01Ch022[022]\260202_260210_05_현혜정_4875mAh_LWN Gen5 MP1-1 0.5C hysteresis.sch,4875mAh 0.5C Voltage hysteresis test,hysteresis,136,740721,131077,50,1,,,,,60.0,,False,False,False
199,성능_hysteresis,성능_hysteresis\260202_260210_05_현혜정_4875mAh_LWN Gen5 MP1-1 0.5C hysteresis\M01Ch023[023]\260202_260210_05_현혜정_4875mAh_LWN Gen5 MP1-1 0.5C hysteresis.sch,4875mAh 0.5C Voltage hysteresis test,hysteresis,136,740721,131077,50,1,,,,,60.0,,False,False,False
200,성능_hysteresis,성능_hysteresis\260212_260226_05_현혜정_4875mAh_LWN Gen5 MP1-1 0.2C hysteresis\M01Ch022[022]\260212_260226_05_현혜정_4875mAh_LWN Gen5 MP1-1 0.2C hysteresis.sch,4875mAh 0.2C Voltage hysteresis test,hysteresis,136,740721,131077,50,3,,,,,60.0,,False,False,False
201,성능_hysteresis,성능_hysteresis\260212_260226_05_현혜정_4875mAh_LWN Gen5 MP1-1 0.2C hysteresis\M01Ch023[023]\260212_260226_05_현혜정_4875mAh_LWN Gen5 MP1-1 0.2C hysteresis.sch,4875mAh 0.2C Voltage hysteresis test,hysteresis,136,740721,131077,50,3,,,,,60.0,,False,False,False
202,성능_hysteresis,성능_hysteresis\260213_260226_05_현혜정_5000mAh_ATL Gen5+ 2C T-2 Stack 0.2C-10min hysteresis\M01Ch020[020]\260213_260226_05_현혜정_5000mAh_ATL Gen5+ 2C T-2 Stack 0.2C-10min hysteresis.sch,5000mAh 4.53-2.9V 0.2C-10min REST Voltage hysteresis test,hysteresis,136,740721,131077,50,4,,,,,60.0,,False,False,False
203,성능_hysteresis,성능_hysteresis\260224_260304_05_현혜정_5000mAh_ATL Gen5+ 2C T-2 Stack 0.2C-60min hysteresis\M01Ch020[020]\260224_260304_05_현혜정_5000mAh_ATL Gen5+ 2C T-2 Stack 0.2C-60min hysteresis.sch,5000mAh 4.53-2.9V 0.2C-60min REST Voltage hysteresis test,hysteresis,136,740721,131077,50,5,,,,,60.0,,False,False,False
204,성능_hysteresis,성능_hysteresis\260224_260304_05_현혜정_6330mAh_LWN 25P(after LT100cy) 0.2C-10min volt hysteresis\M01Ch046[046]\260224_260304_05_현혜정_6330mAh_LWN 25P(after LT100cy) 0.2C-10min volt hysteresis.sch,Si25P 6330mAh 0.2C-10min Voltage hysteresis test,hysteresis,136,740721,131077,50,6,,,,,60.0,,False,False,False
205,성능_hysteresis,성능_hysteresis\260224_260304_05_현혜정_6330mAh_LWN 25P(after LT100cy) 0.2C-10min volt hysteresis\M01Ch047[047]\260224_260304_05_현혜정_6330mAh_LWN 25P(after LT100cy) 0.2C-10min volt hysteresis.sch,Si25P 6330mAh 0.2C-10min Voltage hysteresis test,hysteresis,136,740721,131077,50,6,,,,,60.0,,False,False,False
206,성능_hysteresis,성능_hysteresis\260303_260308_05_현혜정_6330mAh_LWN 25P(after LT100cy) 0.5C-10min volt hysteresis\M01Ch046[046]\260303_260308_05_현혜정_6330mAh_LWN 25P(after LT100cy) 0.5C-10min volt hysteresis.sch,Si25P 6330mAh 0.5C-10min Voltage hysteresis test,hysteresis,136,740721,131077,50,7,,,,,60.0,,False,False,False
207,성능_hysteresis,성능_hysteresis\260303_260308_05_현혜정_6330mAh_LWN 25P(after LT100cy) 0.5C-10min volt hysteresis\M01Ch047[047]\260303_260308_05_현혜정_6330mAh_LWN 25P(after LT100cy) 0.5C-10min volt hysteresis.sch,Si25P 6330mAh 0.5C-10min Voltage hysteresis test,hysteresis,136,740721,131077,50,7,,,,,60.0,,False,False,False
208,성능_hysteresis,성능_hysteresis\260316_260320_05_현혜정_6330mAh_LWN 25P(after LT50cy) 0.5C-10min volt hysteresis\M01Ch044[044]\260316_260320_05_현혜정_6330mAh_LWN 25P(after LT50cy) 0.5C-10min volt hysteresis.sch,Si25P 6330mAh 0.5C-10min Voltage hysteresis test,hysteresis,136,740721,131077,50,7,,,,,60.0,,False,False,False
209,성능_hysteresis,성능_hysteresis\260317_260325_05_현혜정_4986mAh_SDI Gen5+ MP1 0.2C-10min volt hysteresis\M01Ch014[014]\260317_260325_05_현혜정_4986mAh_SDI Gen5+ MP1 0.2C-10min volt hysteresis.sch,4986mAh 4.53-2.9V 0.2C-10min REST Voltage hysteresis test,hysteresis,136,740721,131077,50,11,,,,,60.0,,False,False,False
210,성능_hysteresis,성능_hysteresis\260319_260326_05_현혜정_6330mAh_LWN 25P(after LT50cy) 0.2C-10min volt hysteresis\M01Ch044[044]\260319_260326_05_현혜정_6330mAh_LWN 25P(after LT50cy) 0.2C-10min volt hysteresis.sch,Si25P 6330mAh 0.2C-10min Voltage hysteresis test,hysteresis,136,740721,131077,50,6,,,,,60.0,,False,False,False
211,성능_hysteresis,성능_hysteresis\260326_260330_05_박성철_7750mAh_Gen6++ ATL Si25% 7750mAh voltage hysteresis\M01Ch056[056]\260326_260330_05_박성철_7750mAh_Gen6++ ATL Si25% 7750mAh voltage hysteresis.sch,Gen6++ Si25 7750mAh Voltage hysteresis test,hysteresis,136,740721,131077,50,24,,,,,60.0,,False,False,False
212,성능_hysteresis,성능_hysteresis\260327_260402_05_현혜정_4986mAh_SDI Gen5+ MP1 0.2C-10min volt hysteresis 충전 재측정\M01Ch014[014]\260327_260402_05_현혜정_4986mAh_SDI Gen5+ MP1 0.2C-10min volt hysteresis 충전 재측정.sch,4986mAh 4.53-2.9V 0.2C-10min REST Voltage hysteresis test-Chg o,hysteresis,76,740721,131077,50,12,,,,,60.0,,False,False,False
213,성능_hysteresis,성능_hysteresis\260330_260405_05_신용호_4960mAh_Gen6+ ATL proto1차 Si 10% Hysteresis 측정\M01Ch060[060]\260330_260405_05_신용호_4960mAh_Gen6+ ATL proto1차 Si 10% Hysteresis 측정.sch,Si15P 4960mAh Voltage hysteresis test,hysteresis,136,740721,131077,50,99,4600.0,2700.0,1042.0,942.0,60.0,,False,False,False
214,성능_hysteresis,성능_hysteresis\260330_260405_05_신용호_4960mAh_Gen6+ ATL proto1차 Si 15% Hysteresis 측정\M01Ch059[059]\260330_260405_05_신용호_4960mAh_Gen6+ ATL proto1차 Si 15% Hysteresis 측정.sch,Si15P 4960mAh Voltage hysteresis test,hysteresis,136,740721,131077,50,99,4600.0,2700.0,1042.0,942.0,60.0,,False,False,False
215,성능_hysteresis,성능_hysteresis\260403_260410_05_박기진_4948mAh_Gen6+VB 4.57V SDI Proto1 HYSTERESIS\M01Ch016[016]\260403_260410_05_박기진_4948mAh_Gen6+VB 4.57V SDI Proto1 HYSTERESIS.sch,Si25P 4948mAh 4.57V Voltage hysteresis test,hysteresis,136,740721,131077,50,14,,,,,60.0,,False,False,False
216,성능_hysteresis,성능_hysteresis\260406_260410_05_박기진_4948mAh_Gen6+VB SDI proto1 hysteresis re\M01Ch016[016]\260406_260410_05_박기진_4948mAh_Gen6+VB SDI proto1 hysteresis re.sch,Si25P 4948mAh 4.57V Voltage hysteresis test,hysteresis,136,740721,131077,50,14,,,,,60.0,,False,False,False
217,성능_hysteresis,성능_hysteresis\260414_260425_05_현혜정_6330mAh_LWN 25P(after3.0C HT800cy) 0.2C-10min voltage hysteresis\M01Ch044[044]\260414_260425_05_현혜정_6330mAh_LWN 25P(after3.0C HT800cy) 0.2C-10min voltage hysteresis.sch,Si25P 6330mAh 0.2C-10min Voltage hysteresis test,hysteresis,136,740721,131077,50,6,,,,,60.0,,False,False,False
218,성능_시험직후,성능_시험직후\260413_260415_00_류성택_4860mAh_A17 ATL ECT parameter04 상온 재측정\M01Ch025[025]\260413_260415_00_류성택_4860mAh_A17 ATL ECT parameter04 상온 재측정.sch,4860mAh_ECT ����04_����_����,GITT/ECT,12,740721,131077,50,3,4520.0,2700.0,1022.0,922.0,1.0,23.0,False,False,True
219,성능_시험직후,성능_시험직후\260413_260415_00_류성택_4860mAh_A17 ATL ECT parameter05 상온 재측정\M01Ch026[026]\260413_260415_00_류성택_4860mAh_A17 ATL ECT parameter05 상온 재측정.sch,4860mAh_ECT ����05_����_����,GITT/ECT,12,740721,131077,50,4,4520.0,2700.0,1022.0,922.0,1.0,23.0,False,False,True
220,성능_시험직후,성능_시험직후\260413_260415_00_류성택_4860mAh_A17 ATL ECT parameter08 0도 재측정\M01Ch027[027]\260413_260415_00_류성택_4860mAh_A17 ATL ECT parameter08 0도 재측정.sch,4860mAh_ECT ����08_����0��,GITT/ECT,15,740721,131077,50,5,4520.0,2700.0,1022.0,922.0,1.0,45.0,False,False,True
221,성능_시험직후,성능_시험직후\260413_260415_00_류성택_4860mAh_A17 ATL ECT parameter09 상온 0도 -10도 재측정\M01Ch028[028]\260413_260415_00_류성택_4860mAh_A17 ATL ECT parameter09 상온 0도 -10도 재측정.sch,"4860mAh_ECT ����09_����_����_0,-10��",GITT/ECT,46,740721,131077,50,6,4520.0,2700.0,1022.0,922.0,1.0,23.0,False,False,True
222,성능_시험직후,성능_시험직후\260413_260415_00_류성택_4860mAh_A17 SDI ECT parameter04 상온 재측정\M01Ch029[029]\260413_260415_00_류성택_4860mAh_A17 SDI ECT parameter04 상온 재측정.sch,4860mAh_ECT ����04_����_����,GITT/ECT,12,740721,131077,50,3,4520.0,2700.0,1022.0,922.0,1.0,23.0,False,False,True
223,성능_시험직후,성능_시험직후\260413_260415_00_류성택_4860mAh_A17 SDI ECT parameter05 상온 재측정\M01Ch030[030]\260413_260415_00_류성택_4860mAh_A17 SDI ECT parameter05 상온 재측정.sch,4860mAh_ECT ����05_����_����,GITT/ECT,12,740721,131077,50,4,4520.0,2700.0,1022.0,922.0,1.0,23.0,False,False,True
224,성능_시험직후,성능_시험직후\260413_260415_00_류성택_4860mAh_A17 SDI ECT parameter08 0도 재측정\M01Ch031[031]\260413_260415_00_류성택_4860mAh_A17 SDI ECT parameter08 0도 재측정.sch,4860mAh_ECT ����08_����0��,GITT/ECT,15,740721,131077,50,5,4520.0,2700.0,1022.0,922.0,1.0,45.0,False,False,True
225,성능_시험직후,성능_시험직후\260413_260415_00_류성택_4860mAh_A17 SDI ECT parameter09 상온 0도 -10도 재측정\M01Ch032[032]\260413_260415_00_류성택_4860mAh_A17 SDI ECT parameter09 상온 0도 -10도 재측정.sch,"4860mAh_ECT ����09_����_����_0,-10��",GITT/ECT,46,740721,131077,50,6,4520.0,2700.0,1022.0,922.0,1.0,23.0,False,False,True
226,성능_시험직후,성능_시험직후\260413_260415_00_류성택_5882mAh_M47 ATL ECT parameter09 LT015 재측정\M01Ch018[018]\260413_260415_00_류성택_5882mAh_M47 ATL ECT parameter09 LT015 재측정.sch,5882mAh_ECT ����09_0��-10�� ����,GITT/ECT,25,740721,131077,50,1,4580.0,2700.0,1227.0,1127.0,300.0,-10.0,False,False,True
227,성능_시험직후,성능_시험직후\260413_260415_00_류성택_5882mAh_M47 ATL ECT parameter10 HT 보충\M01Ch017[017]\260413_260415_00_류성택_5882mAh_M47 ATL ECT parameter10 HT 보충.sch,5882mAh_ECT ����10_����_����,GITT/ECT,18,740721,131077,50,2,4580.0,2700.0,1227.0,1127.0,300.0,45.0,True,False,True
228,수명,수명\251028_260428_05_나무늬_2335mAh_Q8 ATL 선상 SEU4 RT @1-1202\M01Ch008[008]\251028_260428_05_나무늬_2335mAh_Q8 ATL 선상 SEU4 RT @1-1202.sch,Gen5+B 2335 mAh 2C Si Hybrid ����,OTHER,178,740721,131077,50,5,4600.0,2950.0,516.0,416.0,60.0,,False,False,False
229,수명,수명\251028_260428_05_나무늬_2335mAh_Q8 ATL 선상 SEU4 RT @1-1202\M01Ch014[014]\251028_260428_05_나무늬_2335mAh_Q8 ATL 선상 SEU4 RT @1-1202.sch,Gen5+B 2335 mAh 2C Si Hybrid ����,OTHER,178,740721,131077,50,5,4600.0,2950.0,516.0,416.0,60.0,,False,False,False
230,수명,수명\251028_260428_05_나무늬_2335mAh_Q8 ATL 선상 SEU4 RT @1-1202\M01Ch026[026]\251028_260428_05_나무늬_2335mAh_Q8 ATL 선상 SEU4 RT @1-1202.sch,Gen5+B 2335 mAh 2C Si Hybrid ����,OTHER,178,740721,131077,50,5,4600.0,2950.0,516.0,416.0,60.0,,False,False,False
231,수명,수명\251029_251229_05_나무늬_2335mAh_Q8 선상 ATL SEU4 LT @1-401\M01Ch009[009]\251029_251229_05_나무늬_2335mAh_Q8 선상 ATL SEU4 LT @1-401.sch,Gen5+B 2335 mAh 2C Si Hybrid ����,OTHER,78,740721,131077,50,11,4600.0,2950.0,516.0,416.0,60.0,,False,False,False
232,수명,수명\251029_251229_05_나무늬_2335mAh_Q8 선상 ATL SEU4 LT @1-401\M01Ch010[010]\251029_251229_05_나무늬_2335mAh_Q8 선상 ATL SEU4 LT @1-401.sch,Gen5+B 2335 mAh 2C Si Hybrid ����,OTHER,78,740721,131077,50,11,4600.0,2950.0,516.0,416.0,60.0,,False,False,False
233,수명,수명\251029_251229_05_나무늬_2335mAh_Q8 선상 ATL SEU4 LT @1-401\M01Ch011[011]\251029_251229_05_나무늬_2335mAh_Q8 선상 ATL SEU4 LT @1-401.sch,Gen5+B 2335 mAh 2C Si Hybrid ����,OTHER,78,740721,131077,50,11,4600.0,2950.0,516.0,416.0,60.0,,False,False,False
234,수명,수명\251029_251229_05_나무늬_2935mAh_Q8 선상 ATL SEU4 LT @1-401 - 복사본\M01Ch009[009]\251029_251229_05_나무늬_2335mAh_Q8 선상 ATL SEU4 LT @1-401.sch,Gen5+B 2335 mAh 2C Si Hybrid ����,OTHER,78,740721,131077,50,11,4600.0,2950.0,516.0,416.0,60.0,,False,False,False
235,수명,수명\251029_251229_05_나무늬_2935mAh_Q8 선상 ATL SEU4 LT @1-401 - 복사본\M01Ch010[010]\251029_251229_05_나무늬_2335mAh_Q8 선상 ATL SEU4 LT @1-401.sch,Gen5+B 2335 mAh 2C Si Hybrid ����,OTHER,78,740721,131077,50,11,4600.0,2950.0,516.0,416.0,60.0,,False,False,False
236,수명,수명\251029_251229_05_나무늬_2935mAh_Q8 선상 ATL SEU4 LT @1-401 - 복사본\M01Ch011[011]\251029_251229_05_나무늬_2335mAh_Q8 선상 ATL SEU4 LT @1-401.sch,Gen5+B 2335 mAh 2C Si Hybrid ����,OTHER,78,740721,131077,50,11,4600.0,2950.0,516.0,416.0,60.0,,False,False,False
237,수명,수명\251029_260129_05_나무늬_2335mAh_Q8 선상 ATL SEU4 2.9V 50CY HT @1-801\M01Ch012[012]\251029_260129_05_나무늬_2335mAh_Q8 선상 ATL SEU4 2.9V 50CY HT @1-801.sch,Gen5+B 2335 mAh 2C Si Hybrid ����_50CY 2.9V,OTHER,126,740721,131077,50,26,4600.0,2950.0,,,60.0,,False,False,False
238,수명,수명\251029_260129_05_나무늬_2335mAh_Q8 선상 ATL SEU4 2.9V 50CY HT @1-801\M01Ch013[013]\251029_260129_05_나무늬_2335mAh_Q8 선상 ATL SEU4 2.9V 50CY HT @1-801.sch,Gen5+B 2335 mAh 2C Si Hybrid ����_50CY 2.9V,OTHER,126,740721,131077,50,26,,,,,60.0,,False,False,False
239,수명,수명\251029_260129_05_나무늬_2335mAh_Q8 선상 ATL SEU4 2.9V 50CY HT @1-801\M01Ch013[013]\251029_260129_05_나무늬_2335mAh_Q8 선상 ATL SEU4 2.9V 50CY HT @1-801_000.sch,Gen5+B 2335 mAh 2C Si Hybrid ����_50CY 2.9V,OTHER,126,740721,131077,50,26,4600.0,2950.0,,,60.0,,False,False,False
240,수명,수명\251029_260129_05_나무늬_2335mAh_Q8 선상 ATL SEU4 2.9V 50CY HT @1-801\M01Ch042[042]\251029_260129_05_나무늬_2335mAh_Q8 선상 ATL SEU4 2.9V 50CY HT @1-801.sch,Gen5+B 2335 mAh 2C Si Hybrid ����_50CY 2.9V,OTHER,126,740721,131077,50,26,4600.0,2950.0,,,60.0,,False,False,False
241,수명,수명\251029_260129_05_나무늬_2335mAh_Q8 선상 ATL SEU4 2.9V 75CY HT @1-801\M01Ch018[018]\251029_260129_05_나무늬_2335mAh_Q8 선상 ATL SEU4 2.9V 75CY HT @1-801.sch,Gen5+B 2335 mAh 2C Si Hybrid ����_75CY 2.9V,OTHER,126,740721,131077,50,27,4600.0,2950.0,,,60.0,,False,False,False
242,수명,수명\251029_260129_05_나무늬_2335mAh_Q8 선상 ATL SEU4 2.9V 75CY HT @1-801\M01Ch057[057]\251029_260129_05_나무늬_2335mAh_Q8 선상 ATL SEU4 2.9V 75CY HT @1-801.sch,Gen5+B 2335 mAh 2C Si Hybrid ����_75CY 2.9V,OTHER,126,740721,131077,50,27,,,,,60.0,,False,False,False
243,수명,수명\251029_260129_05_나무늬_2335mAh_Q8 선상 ATL SEU4 2.9V 75CY HT @1-801\M01Ch057[057]\251029_260129_05_나무늬_2335mAh_Q8 선상 ATL SEU4 2.9V 75CY HT @1-801_000.sch,Gen5+B 2335 mAh 2C Si Hybrid ����_75CY 2.9V,OTHER,126,740721,131077,50,27,4600.0,2950.0,,,60.0,,False,False,False
244,수명,수명\251029_260129_05_나무늬_2335mAh_Q8 선상 ATL SEU4 2.9V 75CY HT @1-801\M01Ch058[058]\251029_260129_05_나무늬_2335mAh_Q8 선상 ATL SEU4 2.9V 75CY HT @1-801.sch,Gen5+B 2335 mAh 2C Si Hybrid ����_75CY 2.9V,OTHER,126,740721,131077,50,27,4600.0,2950.0,,,60.0,,False,False,False
245,수명,수명\251029_260129_05_나무늬_2335mAh_Q8 선상 ATL SEU4 HT @1-801\M01Ch033[033]\251029_260129_05_나무늬_2335mAh_Q8 선상 ATL SEU4 HT @1-801.sch,Gen5+B 2335 mAh 2C Si Hybrid ����,OTHER,116,740721,131077,50,6,4600.0,2950.0,516.0,416.0,60.0,,False,False,False
246,수명,수명\251029_260129_05_나무늬_2335mAh_Q8 선상 ATL SEU4 HT @1-801\M01Ch036[036]\251029_260129_05_나무늬_2335mAh_Q8 선상 ATL SEU4 HT @1-801.sch,Gen5+B 2335 mAh 2C Si Hybrid ����,OTHER,116,740721,131077,50,6,4600.0,2950.0,516.0,416.0,60.0,,False,False,False
247,수명,수명\251029_260129_05_나무늬_2335mAh_Q8 선상 ATL SEU4 HT @1-801\M01Ch037[037]\251029_260129_05_나무늬_2335mAh_Q8 선상 ATL SEU4 HT @1-801.sch,Gen5+B 2335 mAh 2C Si Hybrid ����,OTHER,116,740721,131077,50,6,4600.0,2950.0,516.0,416.0,60.0,,False,False,False
248,수명,수명\251029_260429_05_나무늬_2335mAh_Q8 선상 ATL SEU4 2.9V 30CY @1-1202\M01Ch011[011]\251029_260429_05_나무늬_2335mAh_Q8 선상 ATL SEU4 2.9V 30CY @1-1202.sch,Gen5+B 2335 mAh 2C Si Hybrid ����_2.9V 30CY,OTHER,188,740721,131077,50,44,4600.0,2950.0,516.0,416.0,60.0,,False,False,False
249,수명,수명\251029_260429_05_나무늬_2335mAh_Q8 선상 ATL SEU4 2.9V 30CY @1-1202\M01Ch011[011]\251029_260429_05_나무늬_2335mAh_Q8 선상 ATL SEU4 2.9V 30CY @1-1202_000.sch,Gen5+B 2335 mAh 2C Si Hybrid ����_2.9V 30CY,OTHER,188,740721,131077,50,44,4600.0,2950.0,516.0,416.0,60.0,,False,False,False
250,수명,수명\251029_260429_05_나무늬_2335mAh_Q8 선상 ATL SEU4 2.9V 30CY @1-1202\M01Ch012[012]\251029_260429_05_나무늬_2335mAh_Q8 선상 ATL SEU4 2.9V 30CY @1-1202.sch,Gen5+B 2335 mAh 2C Si Hybrid ����_2.9V 30CY,OTHER,188,740721,131077,50,44,4600.0,2950.0,516.0,416.0,60.0,,False,False,False
251,수명,수명\251029_260429_05_나무늬_2335mAh_Q8 선상 ATL SEU4 2.9V 30CY @1-1202\M01Ch012[012]\251029_260429_05_나무늬_2335mAh_Q8 선상 ATL SEU4 2.9V 30CY @1-1202_000.sch,Gen5+B 2335 mAh 2C Si Hybrid ����_2.9V 30CY,OTHER,188,740721,131077,50,44,4600.0,2950.0,516.0,416.0,60.0,,False,False,False
252,수명,수명\251029_260429_05_나무늬_2335mAh_Q8 선상 ATL SEU4 2.9V 30CY @1-1202\M01Ch016[016]\251029_260429_05_나무늬_2335mAh_Q8 선상 ATL SEU4 2.9V 30CY @1-1202.sch,Gen5+B 2335 mAh 2C Si Hybrid ����_2.9V 30CY,OTHER,188,740721,131077,50,44,4600.0,2950.0,516.0,416.0,60.0,,False,False,False
253,수명,수명\251029_260429_05_나무늬_2335mAh_Q8 선상 ATL SEU4 2.9V 30CY @1-1202\M01Ch016[016]\251029_260429_05_나무늬_2335mAh_Q8 선상 ATL SEU4 2.9V 30CY @1-1202_000.sch,Gen5+B 2335 mAh 2C Si Hybrid ����_2.9V 30CY,OTHER,188,740721,131077,50,44,4600.0,2950.0,516.0,416.0,60.0,,False,False,False
254,수명,수명\251029_260429_05_나무늬_2335mAh_Q8 선상 ATL SEU4 2.9V 50CY @1-1202\M01Ch007[007]\251029_260429_05_나무늬_2335mAh_Q8 선상 ATL SEU4 2.9V 50CY @1-1202.sch,Gen5+B 2335 mAh 2C Si Hybrid ����_2.9V 50CY,OTHER,188,740721,131077,50,45,4600.0,2950.0,516.0,416.0,60.0,,False,False,False
255,수명,수명\251029_260429_05_나무늬_2335mAh_Q8 선상 ATL SEU4 2.9V 50CY @1-1202\M01Ch007[007]\251029_260429_05_나무늬_2335mAh_Q8 선상 ATL SEU4 2.9V 50CY @1-1202_000.sch,Gen5+B 2335 mAh 2C Si Hybrid ����_2.9V 50CY,OTHER,188,740721,131077,50,45,4600.0,2950.0,516.0,416.0,60.0,,False,False,False
256,수명,수명\251029_260429_05_나무늬_2335mAh_Q8 선상 ATL SEU4 2.9V 50CY @1-1202\M01Ch009[009]\251029_260429_05_나무늬_2335mAh_Q8 선상 ATL SEU4 2.9V 50CY @1-1202.sch,Gen5+B 2335 mAh 2C Si Hybrid ����_2.9V 50CY,OTHER,188,740721,131077,50,45,4600.0,2950.0,516.0,416.0,60.0,,False,False,False
257,수명,수명\251029_260429_05_나무늬_2335mAh_Q8 선상 ATL SEU4 2.9V 50CY @1-1202\M01Ch009[009]\251029_260429_05_나무늬_2335mAh_Q8 선상 ATL SEU4 2.9V 50CY @1-1202_000.sch,Gen5+B 2335 mAh 2C Si Hybrid ����_2.9V 50CY,OTHER,188,740721,131077,50,45,4600.0,2950.0,516.0,416.0,60.0,,False,False,False
258,수명,수명\251029_260429_05_나무늬_2335mAh_Q8 선상 ATL SEU4 2.9V 50CY @1-1202\M01Ch010[010]\251029_260429_05_나무늬_2335mAh_Q8 선상 ATL SEU4 2.9V 50CY @1-1202.sch,Gen5+B 2335 mAh 2C Si Hybrid ����_2.9V 50CY,OTHER,188,740721,131077,50,45,4600.0,2950.0,516.0,416.0,60.0,,False,False,False
259,수명,수명\251029_260429_05_나무늬_2335mAh_Q8 선상 ATL SEU4 2.9V 50CY @1-1202\M01Ch010[010]\251029_260429_05_나무늬_2335mAh_Q8 선상 ATL SEU4 2.9V 50CY @1-1202_000.sch,Gen5+B 2335 mAh 2C Si Hybrid ����_2.9V 50CY,OTHER,188,740721,131077,50,45,4600.0,2950.0,516.0,416.0,60.0,,False,False,False
260,수명,수명\251029_260429_05_나무늬_2335mAh_Q8 선상 ATL SEU4 2.9V 75CY @1-1202\M01Ch033[033]\251029_260429_05_나무늬_2335mAh_Q8 선상 ATL SEU4 2.9V 75CY @1-1202.sch,Gen5+B 2335 mAh 2C Si Hybrid ����_2.9V 75CY,OTHER,188,740721,131077,50,46,4600.0,2950.0,516.0,416.0,60.0,,False,False,False
261,수명,수명\251029_260429_05_나무늬_2335mAh_Q8 선상 ATL SEU4 2.9V 75CY @1-1202\M01Ch033[033]\251029_260429_05_나무늬_2335mAh_Q8 선상 ATL SEU4 2.9V 75CY @1-1202_000.sch,Gen5+B 2335 mAh 2C Si Hybrid ����_2.9V 75CY,OTHER,188,740721,131077,50,46,4600.0,2950.0,516.0,416.0,60.0,,False,False,False
262,수명,수명\251029_260429_05_나무늬_2335mAh_Q8 선상 ATL SEU4 2.9V 75CY @1-1202\M01Ch034[034]\251029_260429_05_나무늬_2335mAh_Q8 선상 ATL SEU4 2.9V 75CY @1-1202.sch,Gen5+B 2335 mAh 2C Si Hybrid ����_2.9V 75CY,OTHER,188,740721,131077,50,46,4600.0,2950.0,516.0,416.0,60.0,,False,False,False
263,수명,수명\251029_260429_05_나무늬_2335mAh_Q8 선상 ATL SEU4 2.9V 75CY @1-1202\M01Ch034[034]\251029_260429_05_나무늬_2335mAh_Q8 선상 ATL SEU4 2.9V 75CY @1-1202_000.sch,Gen5+B 2335 mAh 2C Si Hybrid ����_2.9V 75CY,OTHER,188,740721,131077,50,46,4600.0,2950.0,516.0,416.0,60.0,,False,False,False
264,수명,수명\251029_260429_05_나무늬_2335mAh_Q8 선상 ATL SEU4 2.9V 75CY @1-1202\M01Ch035[035]\251029_260429_05_나무늬_2335mAh_Q8 선상 ATL SEU4 2.9V 75CY @1-1202.sch,Gen5+B 2335 mAh 2C Si Hybrid ����_2.9V 75CY,OTHER,188,740721,131077,50,46,4600.0,2950.0,516.0,416.0,60.0,,False,False,False
265,수명,수명\251029_260429_05_나무늬_2335mAh_Q8 선상 ATL SEU4 2.9V 75CY @1-1202\M01Ch035[035]\251029_260429_05_나무늬_2335mAh_Q8 선상 ATL SEU4 2.9V 75CY @1-1202_000.sch,Gen5+B 2335 mAh 2C Si Hybrid ����_2.9V 75CY,OTHER,188,740721,131077,50,46,4600.0,2950.0,516.0,416.0,60.0,,False,False,False
266,수명,수명\251029_260429_05_나무늬_Q8 선상 ATL SEU4 2.9V 30CY @1-1202 - 복사본\M01Ch011[011]\251029_260429_05_나무늬_2335mAh_Q8 선상 ATL SEU4 2.9V 30CY @1-1202.sch,Gen5+B 2335 mAh 2C Si Hybrid ����_2.9V 30CY,OTHER,188,740721,131077,50,44,4600.0,2950.0,516.0,416.0,60.0,,False,False,False
267,수명,수명\251029_260429_05_나무늬_Q8 선상 ATL SEU4 2.9V 30CY @1-1202 - 복사본\M01Ch011[011]\251029_260429_05_나무늬_2335mAh_Q8 선상 ATL SEU4 2.9V 30CY @1-1202_000.sch,Gen5+B 2335 mAh 2C Si Hybrid ����_2.9V 30CY,OTHER,188,740721,131077,50,44,4600.0,2950.0,516.0,416.0,60.0,,False,False,False
268,수명,수명\251029_260429_05_나무늬_Q8 선상 ATL SEU4 2.9V 30CY @1-1202 - 복사본\M01Ch012[012]\251029_260429_05_나무늬_2335mAh_Q8 선상 ATL SEU4 2.9V 30CY @1-1202.sch,Gen5+B 2335 mAh 2C Si Hybrid ����_2.9V 30CY,OTHER,188,740721,131077,50,44,4600.0,2950.0,516.0,416.0,60.0,,False,False,False
269,수명,수명\251029_260429_05_나무늬_Q8 선상 ATL SEU4 2.9V 30CY @1-1202 - 복사본\M01Ch012[012]\251029_260429_05_나무늬_2335mAh_Q8 선상 ATL SEU4 2.9V 30CY @1-1202_000.sch,Gen5+B 2335 mAh 2C Si Hybrid ����_2.9V 30CY,OTHER,188,740721,131077,50,44,4600.0,2950.0,516.0,416.0,60.0,,False,False,False
270,수명,수명\251029_260429_05_나무늬_Q8 선상 ATL SEU4 2.9V 30CY @1-1202 - 복사본\M01Ch016[016]\251029_260429_05_나무늬_2335mAh_Q8 선상 ATL SEU4 2.9V 30CY @1-1202.sch,Gen5+B 2335 mAh 2C Si Hybrid ����_2.9V 30CY,OTHER,188,740721,131077,50,44,4600.0,2950.0,516.0,416.0,60.0,,False,False,False
271,수명,수명\251029_260429_05_나무늬_Q8 선상 ATL SEU4 2.9V 30CY @1-1202 - 복사본\M01Ch016[016]\251029_260429_05_나무늬_2335mAh_Q8 선상 ATL SEU4 2.9V 30CY @1-1202_000.sch,Gen5+B 2335 mAh 2C Si Hybrid ����_2.9V 30CY,OTHER,188,740721,131077,50,44,4600.0,2950.0,516.0,416.0,60.0,,False,False,False
272,수명,수명\251113_260113_05_나무늬_2335mAh_Q8 선상 ATL SEU4 2.9V 50CY LT @1-401\M01Ch016[016]\251113_260113_05_나무늬_2335mAh_Q8 선상 ATL SEU4 2.9V 50CY LT @1-401.sch,Gen5+B 2335 mAh 2C Si Hybrid ����_50CY 2.9V,OTHER,88,740721,131077,50,12,4600.0,2950.0,516.0,416.0,60.0,,False,False,False
273,수명,수명\251113_260113_05_나무늬_2335mAh_Q8 선상 ATL SEU4 2.9V 50CY LT @1-401\M01Ch038[038]\251113_260113_05_나무늬_2335mAh_Q8 선상 ATL SEU4 2.9V 50CY LT @1-401.sch,Gen5+B 2335 mAh 2C Si Hybrid ����_50CY 2.9V,OTHER,88,740721,131077,50,12,4600.0,2950.0,516.0,416.0,60.0,,False,False,False
274,수명,수명\251113_260113_05_나무늬_2335mAh_Q8 선상 ATL SEU4 2.9V 50CY LT @1-401\M01Ch059[059]\251113_260113_05_나무늬_2335mAh_Q8 선상 ATL SEU4 2.9V 50CY LT @1-401.sch,Gen5+B 2335 mAh 2C Si Hybrid ����_50CY 2.9V,OTHER,88,740721,131077,50,12,4600.0,2950.0,516.0,416.0,60.0,,False,False,False
275,수명,수명\251113_260213_05_나무늬_2335mAh_Q8 선상 ATL 2.9V 30CY HT @1-801\M01Ch001[001]\251113_260213_05_나무늬_2335mAh_Q8 선상 ATL 2.9V 30CY HT @1-801.sch,Gen5+B 2335 mAh 2C Si Hybrid ����_30CY 2.9V,OTHER,126,740721,131077,50,11,4600.0,2950.0,516.0,416.0,60.0,,False,False,False
276,수명,수명\251113_260213_05_나무늬_2335mAh_Q8 선상 ATL 2.9V 30CY HT @1-801\M01Ch002[002]\251113_260213_05_나무늬_2335mAh_Q8 선상 ATL 2.9V 30CY HT @1-801.sch,Gen5+B 2335 mAh 2C Si Hybrid ����_30CY 2.9V,OTHER,126,740721,131077,50,11,4600.0,2950.0,516.0,416.0,60.0,,False,False,False
277,수명,수명\251113_260213_05_나무늬_2335mAh_Q8 선상 ATL 2.9V 30CY HT @1-801\M01Ch034[034]\251113_260213_05_나무늬_2335mAh_Q8 선상 ATL 2.9V 30CY HT @1-801.sch,Gen5+B 2335 mAh 2C Si Hybrid ����_30CY 2.9V,OTHER,126,740721,131077,50,11,4600.0,2950.0,516.0,416.0,60.0,,False,False,False
278,수명,수명\251209_260209_05_나무늬_2335mAh_Q8 선상 ATL SEU4 HT @301-801\M01Ch033[033]\251209_260209_05_나무늬_2335mAh_Q8 선상 ATL SEU4 HT @301-801.sch,Gen5+B 2335 mAh 2C Si Hybrid ����,OTHER,78,740721,131077,50,7,4190.0,2950.0,4720.0,4620.0,60.0,,False,False,False
279,수명,수명\251209_260209_05_나무늬_2335mAh_Q8 선상 ATL SEU4 HT @301-801\M01Ch036[036]\251209_260209_05_나무늬_2335mAh_Q8 선상 ATL SEU4 HT @301-801.sch,Gen5+B 2335 mAh 2C Si Hybrid ����,OTHER,78,740721,131077,50,7,4190.0,2950.0,4720.0,4620.0,60.0,,False,False,False
280,수명,수명\251209_260209_05_나무늬_2335mAh_Q8 선상 ATL SEU4 HT @301-801\M01Ch037[037]\251209_260209_05_나무늬_2335mAh_Q8 선상 ATL SEU4 HT @301-801.sch,Gen5+B 2335 mAh 2C Si Hybrid ����,OTHER,78,740721,131077,50,7,4190.0,2950.0,4720.0,4620.0,60.0,,False,False,False
281,수명,수명\260102_260630_03_홍승기_2335mAh_Q8 선상 ATL 2.9V 30Cy LT @1-400\M01Ch009[009]\260102_260630_03_홍승기_2335mAh_Q8 선상 ATL 2.9V 30Cy LT @1-400.sch,Gen5+B 2335 mAh 2C Si Hybrid ����_2.9V 30CY,OTHER,188,740721,131077,50,1,,,,,60.0,,False,False,False
282,수명,수명\260102_260630_03_홍승기_2335mAh_Q8 선상 ATL 2.9V 30Cy LT @1-400\M01Ch010[010]\260102_260630_03_홍승기_2335mAh_Q8 선상 ATL 2.9V 30Cy LT @1-400.sch,Gen5+B 2335 mAh 2C Si Hybrid ����_2.9V 30CY,OTHER,188,740721,131077,50,1,,,,,60.0,,False,False,False
283,수명,수명\260102_260630_03_홍승기_2335mAh_Q8 선상 ATL 2.9V 30Cy LT @1-400\M01Ch011[011]\260102_260630_03_홍승기_2335mAh_Q8 선상 ATL 2.9V 30Cy LT @1-400.sch,Gen5+B 2335 mAh 2C Si Hybrid ����_2.9V 30CY,OTHER,188,740721,131077,50,1,,,,,60.0,,False,False,False
284,수명,수명\260115_260630_02_홍승기_2335mAh_Q8 선상 ATL SEU4 HT@1-802\M01Ch033[033]\260115_260630_02_홍승기_2335mAh_Q8 선상 ATL SEU4 HT@1-802.sch,Gen5+B 2335 mAh 2C Si Hybrid ����,OTHER,116,740721,131077,50,8,,,,,60.0,,False,False,False
285,수명,수명\260115_260630_02_홍승기_2335mAh_Q8 선상 ATL SEU4 HT@1-802\M01Ch036[036]\260115_260630_02_홍승기_2335mAh_Q8 선상 ATL SEU4 HT@1-802.sch,Gen5+B 2335 mAh 2C Si Hybrid ����,OTHER,116,740721,131077,50,8,,,,,60.0,,False,False,False
286,수명,수명\260115_260630_02_홍승기_2335mAh_Q8 선상 ATL SEU4 HT@1-802\M01Ch037[037]\260115_260630_02_홍승기_2335mAh_Q8 선상 ATL SEU4 HT@1-802.sch,Gen5+B 2335 mAh 2C Si Hybrid ����,OTHER,116,740721,131077,50,8,,,,,60.0,,False,False,False
287,수명,수명\260119_260616_03_홍승기_2369mAh_Q8 ATL Main 2.0C Rss RT\M01Ch032[032]\260119_260616_03_홍승기_2369mAh_Q8 ATL Main 2.0C Rss RT.sch,4.55V_Q8 Main_2369mAh 2C Rss 2step ���� 3.0V 0-1600cyc SEU4,DCIR/RSS,215,740721,131077,50,13,,,,,60.0,,True,False,False
288,수명,수명\260119_260616_03_홍승기_2369mAh_Q8 ATL Main 2.0C Rss RT\M01Ch032[032]\260119_260616_03_홍승기_2369mAh_Q8 ATL Main 2.0C Rss RT_000.sch,4.55V_Q8 Main_2369mAh 2C Rss 2step ���� 3.0V 0-1600cyc SEU4,DCIR/RSS,215,740721,131077,50,13,,,,,60.0,,True,False,False
289,수명,수명\260119_260616_03_홍승기_2369mAh_Q8 ATL Main 2.0C Rss RT\M02Ch073[073]\260119_260616_03_홍승기_2369mAh_Q8 ATL Main 2.0C Rss RT.sch,4.55V_Q8 Main_2369mAh 2C Rss 2step ���� 3.0V 0-1600cyc SEU4,DCIR/RSS,215,740721,131077,50,13,,,,,60.0,,True,False,False
290,수명,수명\260119_260616_03_홍승기_2369mAh_Q8 ATL Main 2.0C Rss RT\M02Ch074[074]\260119_260616_03_홍승기_2369mAh_Q8 ATL Main 2.0C Rss RT.sch,4.55V_Q8 Main_2369mAh 2C Rss 2step ���� 3.0V 0-1600cyc SEU4,DCIR/RSS,215,740721,131077,50,13,,,,,60.0,,True,False,False
291,수명,수명\260119_260616_03_홍승기_2485mAh_Q8 ATL Sub 2.0C Rss RT\M02Ch069[069]\260119_260616_03_홍승기_2485mAh_Q8 ATL Sub 2.0C Rss RT.sch,4.55V_Q8 Sub_2485mAh 2C Rss 2step ���� 3.0V 0-1600cyc SEU4,DCIR/RSS,215,740721,131077,50,14,,,,,60.0,,True,False,False
292,수명,수명\260119_260616_03_홍승기_2485mAh_Q8 ATL Sub 2.0C Rss RT\M02Ch077[077]\260119_260616_03_홍승기_2485mAh_Q8 ATL Sub 2.0C Rss RT.sch,4.55V_Q8 Sub_2485mAh 2C Rss 2step ���� 3.0V 0-1600cyc SEU4,DCIR/RSS,215,740721,131077,50,14,,,,,60.0,,True,False,False
293,수명,수명\260119_260616_03_홍승기_2485mAh_Q8 ATL Sub 2.0C Rss RT\M02Ch081[081]\260119_260616_03_홍승기_2485mAh_Q8 ATL Sub 2.0C Rss RT.sch,4.55V_Q8 Sub_2485mAh 2C Rss 2step ���� 3.0V 0-1600cyc SEU4,DCIR/RSS,215,740721,131077,50,14,,,,,60.0,,True,False,False
294,수명,수명\260119_260616_03_홍승기_2485mAh_Q8 ATL Sub 2C 2.9V 100Cy\M01Ch020[020]\260119_260616_03_홍승기_2485mAh_Q8 ATL Sub 2C 2.9V 100Cy..sch,Q8 2485 mAh 2C 2.9V 100Cy Hybrid,OTHER,116,740721,131077,50,12,,,,,60.0,,False,False,False
295,수명,수명\260119_260616_03_홍승기_2485mAh_Q8 ATL Sub 2C 2.9V 100Cy\M02Ch065[065]\260119_260616_03_홍승기_2485mAh_Q8 ATL Sub 2C 2.9V 100Cy..sch,Q8 2485 mAh 2C 2.9V 100Cy Hybrid,OTHER,116,740721,131077,50,12,,,,,60.0,,False,False,False
296,수명,수명\260119_260616_03_홍승기_2485mAh_Q8 ATL Sub 2C 2.9V 100Cy\M02Ch066[066]\260119_260616_03_홍승기_2485mAh_Q8 ATL Sub 2C 2.9V 100Cy..sch,Q8 2485 mAh 2C 2.9V 100Cy Hybrid,OTHER,116,740721,131077,50,12,,,,,60.0,,False,False,False
297,수명,수명\260130_260630_03_홍승기_2369mAh_Q8 Main 2C Rss RT CH32 57Cy-RE\M02Ch105[105]\260130_260630_03_홍승기_2369mAh_Q8 Main 2C Rss RT CH32 57Cy-RE.sch,4.55V_Q8 Main_2369mAh 2C Rss 2step ���� 3.0V RE 56-1600cyc SEU4,DCIR/RSS,187,740721,131077,50,15,,,,,10.0,,True,False,False
298,수명,수명\260130_260630_03_홍승기_Q8 Main 2C Rss RT CH32 57Cy-RE\M02Ch105[105]\260130_260630_03_홍승기_2369mAh_Q8 Main 2C Rss RT CH32 57Cy-RE.sch,4.55V_Q8 Main_2369mAh 2C Rss 2step ���� 3.0V RE 56-1600cyc SEU4,DCIR/RSS,187,740721,131077,50,15,,,,,10.0,,True,False,False
299,수명,수명\260130_260630_05_이재연_5000mAh_4.53V Gen5P ATL 2.8C 고온수명 0-1600 신규 ver2 55C\M01Ch025[025]\260130_260630_05_이재연_5000mAh_4.53V Gen5P ATL 2.8C 고온수명 0-1600 신규 ver2 55C.sch,(���� ver2 55C) 4.53V_Si 5000mAh 2.8C 2step ���� 3.0V 0-600cyc,OTHER,42,740721,131077,50,8,4580.0,2950.0,1030.0,930.0,60.0,,True,False,False
300,수명,수명\260130_260630_05_이재연_5000mAh_4.53V Gen5P ATL 2.8C 고온수명 0-1600 신규 ver2 55C\M01Ch025[025]\260130_260630_05_이재연_5000mAh_4.53V Gen5P ATL 2.8C 고온수명 0-1600 신규 ver2 55C_000.sch,(���� ver2 55C) 4.53V_Si 5000mAh 2.8C 2step ���� 3.0V 0-600cyc,OTHER,42,740721,131077,50,8,4580.0,2950.0,1030.0,930.0,60.0,,True,False,False
301,수명,수명\260130_260630_05_이재연_5000mAh_4.53V Gen5P ATL 2.8C 고온수명 0-1600 신규 ver2 55C\M01Ch026[026]\260130_260630_05_이재연_5000mAh_4.53V Gen5P ATL 2.8C 고온수명 0-1600 신규 ver2 55C.sch,(���� ver2 55C) 4.53V_Si 5000mAh 2.8C 2step ���� 3.0V 0-600cyc,OTHER,42,740721,131077,50,8,4580.0,2950.0,1030.0,930.0,60.0,,True,False,False
302,수명,수명\260130_260630_05_이재연_5000mAh_4.53V Gen5P ATL 2.8C 고온수명 0-1600 신규 ver2 55C\M01Ch026[026]\260130_260630_05_이재연_5000mAh_4.53V Gen5P ATL 2.8C 고온수명 0-1600 신규 ver2 55C_000.sch,(���� ver2 55C) 4.53V_Si 5000mAh 2.8C 2step ���� 3.0V 0-600cyc,OTHER,42,740721,131077,50,8,4580.0,2950.0,1030.0,930.0,60.0,,True,False,False
303,수명,수명\260130_260630_05_이재연_5000mAh_4.53V Gen5P ATL 2.8C 고온수명 0-1600 신규 ver2 55C\M01Ch027[027]\260130_260630_05_이재연_5000mAh_4.53V Gen5P ATL 2.8C 고온수명 0-1600 신규 ver2 55C.sch,(���� ver2 55C) 4.53V_Si 5000mAh 2.8C 2step ���� 3.0V 0-600cyc,OTHER,42,740721,131077,50,8,4580.0,2950.0,1030.0,930.0,60.0,,True,False,False
304,수명,수명\260130_260630_05_이재연_5000mAh_4.53V Gen5P ATL 2.8C 고온수명 0-1600 신규 ver2 55C\M01Ch027[027]\260130_260630_05_이재연_5000mAh_4.53V Gen5P ATL 2.8C 고온수명 0-1600 신규 ver2 55C_000.sch,(���� ver2 55C) 4.53V_Si 5000mAh 2.8C 2step ���� 3.0V 0-600cyc,OTHER,42,740721,131077,50,8,4580.0,2950.0,1030.0,930.0,60.0,,True,False,False
305,수명,수명\260130_260630_05_이재연_5000mAh_4.53V Gen5P ATL 2.8C 고온수명 0-1600 신규 ver2 55C\M01Ch028[028]\260130_260630_05_이재연_5000mAh_4.53V Gen5P ATL 2.8C 고온수명 0-1600 신규 ver2 55C.sch,(���� ver2 55C) 4.53V_Si 5000mAh 2.8C 2step ���� 3.0V 0-600cyc,OTHER,42,740721,131077,50,8,4580.0,2950.0,1030.0,930.0,60.0,,True,False,False
306,수명,수명\260130_260630_05_이재연_5000mAh_4.53V Gen5P ATL 2.8C 고온수명 0-1600 신규 ver2 55C\M01Ch028[028]\260130_260630_05_이재연_5000mAh_4.53V Gen5P ATL 2.8C 고온수명 0-1600 신규 ver2 55C_000.sch,(���� ver2 55C) 4.53V_Si 5000mAh 2.8C 2step ���� 3.0V 0-600cyc,OTHER,42,740721,131077,50,8,4580.0,2950.0,1030.0,930.0,60.0,,True,False,False
307,수명,수명\A1_MP1_4500mAh_T23_1\M02Ch073[073]\231115 1파트 한정구 Gen4 2.0C ATL MP1차 Main 4500mAh 상온 ver1 0.5C 방전 0-601 ch73 74.sch,4.50V 4500mAh 2C MP1 0.5C���� ���� 0-600cyc Ver1,OTHER,170,740721,131077,50,29,4550.0,2950.0,950.0,850.0,60.0,,True,False,False
308,수명,수명\A1_MP1_4500mAh_T23_1\M02Ch074[074]\231115 1파트 한정구 Gen4 2.0C ATL MP1차 Main 4500mAh 상온 ver1 0.5C 방전 0-601 ch73 74.sch,4.50V 4500mAh 2C MP1 0.5C���� ���� 0-600cyc Ver1,OTHER,170,740721,131077,50,29,4550.0,2950.0,950.0,850.0,60.0,,True,False,False
309,수명,수명\A1_MP1_4500mAh_T23_2\M02Ch073[073]\240221 1파트 한정구 Gen4 2C ATL MP1차 Main 4500mAh 상온 ver1 05C 방전 600-1000 Ch73 74.sch,4.50V 4515mAh 4STEP EU 05C CC ���� ������ 600-2000,OTHER,65,740721,131077,50,34,4550.0,2950.0,950.0,850.0,60.0,,True,False,False
310,수명,수명\A1_MP1_4500mAh_T23_2\M02Ch074[074]\240221 1파트 한정구 Gen4 2C ATL MP1차 Main 4500mAh 상온 ver1 05C 방전 600-1000 Ch73 74.sch,4.50V 4515mAh 4STEP EU 05C CC ���� ������ 600-2000,OTHER,65,740721,131077,50,34,4550.0,2950.0,950.0,850.0,60.0,,True,False,False
311,수명,수명\A1_MP1_4500mAh_T23_3\M02Ch073[073]\240507 1파트 한정구 Gen4 2C ATL MP1차 Main 4500mAh 상온 ver1 05C방전 1001-2000.sch,4.50V 4500mAh 4STEP EU 05C CC ���� ������ 1000-2000,OTHER,66,740721,131077,50,37,4440.0,2950.0,950.0,850.0,60.0,,True,False,False
312,수명,수명\A1_MP1_4500mAh_T23_3\M02Ch074[074]\240507 1파트 한정구 Gen4 2C ATL MP1차 Main 4500mAh 상온 ver1 05C방전 1001-2000.sch,4.50V 4500mAh 4STEP EU 05C CC ���� ������ 1000-2000,OTHER,66,740721,131077,50,37,4440.0,2950.0,950.0,850.0,60.0,,True,False,False
313,수명_복합floating,수명_복합floating\250116_250501_05_김영환_4905mAh_ATL Gen5 4C HT floating\M01Ch049[049]\250116_250501_05_김영환_4905mAh_ATL Gen5 4C HT floating.sch,4.53V 4C 4905mAh Floating,floating,13,740721,131077,50,1,4550.0,2950.0,1051.0,951.0000610351562,60.0,,False,False,False
314,수명_복합floating,수명_복합floating\250116_250501_05_김영환_4905mAh_ATL Gen5 4C HT floating\M01Ch051[051]\250116_250501_05_김영환_4905mAh_ATL Gen5 4C HT floating.sch,4.53V 4C 4905mAh Floating,floating,13,740721,131077,50,1,4550.0,2950.0,1051.0,951.0000610351562,60.0,,False,False,False
315,수명_복합floating,수명_복합floating\250823_251231_05_김영환_5060mAh_LGES Gen5+ proto2 1C Floating\M01Ch049[049]\250823_251231_05_김영환_5060mAh_LGES Gen5+ proto2 1C Floating.sch,4.53V 2C 5060mAh 1C Floating,floating,13,740721,131077,50,13,,,,,60.0,,False,False,False
316,수명_복합floating,수명_복합floating\250823_251231_05_김영환_5060mAh_LGES Gen5+ proto2 1C Floating\M01Ch051[051]\250823_251231_05_김영환_5060mAh_LGES Gen5+ proto2 1C Floating.sch,4.53V 2C 5060mAh 1C Floating,floating,13,740721,131077,50,13,,,,,60.0,,False,False,False
317,수명_복합floating,수명_복합floating\251128_260630_05_김영환_5060mAh_LGES Gen5 MP1 main 1C HT Floating\M01Ch030[030]\251128_260630_05_김영환_5060mAh_LGES Gen5 MP1 main 1C HT Floating.sch,4.53V 2C 5060mAh 1C Floating,floating,13,740721,131077,50,15,,,,,60.0,,False,False,False
318,수명_복합floating,수명_복합floating\251128_260630_05_김영환_5060mAh_LGES Gen5 MP1 main 1C HT Floating\M01Ch030[030]\251128_260630_05_김영환_5060mAh_LGES Gen5 MP1 main 1C HT Floating_000.sch,4.53V 2C 5060mAh 1C Floating,floating,13,740721,131077,50,15,,,,,60.0,,False,False,False
319,수명_복합floating,수명_복합floating\260126_260531_01_최웅철_4981mAh_GB6 PRO16 ATL GEN4 1.3C 고온복합\M01Ch051[051]\260126_260531_01_최웅철_4981mAh_GB6 PRO16 ATL GEN4 1.3C 고온복합.sch,4.5V 1.3C 4981mAh �������� Floating Max V,floating,56,740721,131077,50,48,,,,,60.0,,False,False,False
320,수명_복합floating,수명_복합floating\260126_260531_01_최웅철_4981mAh_GB6 PRO16 ATL GEN4 1.3C 고온복합\M01Ch052[052]\260126_260531_01_최웅철_4981mAh_GB6 PRO16 ATL GEN4 1.3C 고온복합.sch,4.5V 1.3C 4981mAh �������� Floating Max V,floating,56,740721,131077,50,48,,,,,60.0,,False,False,False
321,수명_복합floating,수명_복합floating\260126_260531_01_최웅철_4981mAh_GB6 PRO16 SDI GEN4 1.3C 고온복합\M01Ch036[036]\260126_260531_01_최웅철_4981mAh_GB6 PRO16 SDI GEN4 1.3C 고온복합.sch,4.5V 1.3C 4981mAh �������� Floating Max V,floating,56,740721,131077,50,48,,,,,60.0,,False,False,False
322,수명_복합floating,수명_복합floating\260126_260531_01_최웅철_4981mAh_GB6 PRO16 SDI GEN4 1.3C 고온복합\M01Ch037[037]\260126_260531_01_최웅철_4981mAh_GB6 PRO16 SDI GEN4 1.3C 고온복합.sch,4.5V 1.3C 4981mAh �������� Floating Max V,floating,56,740721,131077,50,48,,,,,60.0,,False,False,False
323,수명_복합floating,수명_복합floating\260130_260531_01_최웅철_2485mAh_Q8 SUB SDI GEN5+B 2C 고온복합\M01Ch038[038]\260130_260531_01_최웅철_2485mAh_Q8 SUB SDI GEN5+B 2C 고온복합.sch,Gen5+B 2C 2485mAh �������� Floating Max V,floating,57,740721,131077,50,50,,,,,60.0,,False,False,False
324,수명_복합floating,수명_복합floating\260130_260531_01_최웅철_2485mAh_Q8 SUB SDI GEN5+B 2C 고온복합\M01Ch048[048]\260130_260531_01_최웅철_2485mAh_Q8 SUB SDI GEN5+B 2C 고온복합.sch,Gen5+B 2C 2485mAh �������� Floating Max V,floating,57,740721,131077,50,50,,,,,60.0,,False,False,False
325,수명_복합floating,수명_복합floating\260203_260531_01_최웅철_4268mAh_SDI GB6 PRO14 GEN4 1.3C 고온복합\M01Ch053[053]\260203_260531_01_최웅철_4268mAh_SDI GB6 PRO14 GEN4 1.3C 고온복합.sch,Gen4 1.3C 4268mAh �������� Floating Max V,floating,56,740721,131077,50,10,,,,,60.0,,False,False,False
326,수명_복합floating,수명_복합floating\260203_260531_01_최웅철_4268mAh_SDI GB6 PRO14 GEN4 1.3C 고온복합\M01Ch054[054]\260203_260531_01_최웅철_4268mAh_SDI GB6 PRO14 GEN4 1.3C 고온복합.sch,Gen4 1.3C 4268mAh �������� Floating Max V,floating,56,740721,131077,50,10,,,,,60.0,,False,False,False
327,수명_복합floating,수명_복합floating\260223_260531_01_최웅철_2369mAh_Q8main ATL GEN5+B 2.0C 고온복합\M01Ch051[051]\260223_260531_01_최웅철_2369mAh_Q8main ATL GEN5+B 2.0C 고온복합.sch,Gen5+B 2C 2369mAh �������� Floating Max V,floating,57,740721,131077,50,19,,,,,60.0,,False,False,False
328,수명_복합floating,수명_복합floating\260223_260531_01_최웅철_2369mAh_Q8main ATL GEN5+B 2.0C 고온복합\M01Ch052[052]\260223_260531_01_최웅철_2369mAh_Q8main ATL GEN5+B 2.0C 고온복합.sch,Gen5+B 2C 2369mAh �������� Floating Max V,floating,57,740721,131077,50,19,,,,,60.0,,False,False,False
329,수명_복합floating,수명_복합floating\260223_260531_01_최웅철_2369mAh_Q8main COSMX GEN5+B 2.0C 고온복합\M01Ch038[038]\260223_260531_01_최웅철_2369mAh_Q8main COSMX GEN5+B 2.0C 고온복합.sch,Gen5+B 2C 2369mAh �������� Floating Max V,floating,57,740721,131077,50,19,,,,,60.0,,False,False,False
330,수명_복합floating,수명_복합floating\260223_260531_01_최웅철_2369mAh_Q8main COSMX GEN5+B 2.0C 고온복합\M01Ch048[048]\260223_260531_01_최웅철_2369mAh_Q8main COSMX GEN5+B 2.0C 고온복합.sch,Gen5+B 2C 2369mAh �������� Floating Max V,floating,57,740721,131077,50,19,,,,,60.0,,False,False,False
331,수명_복합floating,수명_복합floating\260223_260531_01_최웅철_2485mAh_Q8 sub ATL GEN5+B 2.0C 고온복합\M01Ch053[053]\260223_260531_01_최웅철_2485mAh_Q8 sub ATL GEN5+B 2.0C 고온복합.sch,Gen5+B 2C 2485mAh �������� Floating Max V,floating,57,740721,131077,50,18,,,,,60.0,,False,False,False
332,수명_복합floating,수명_복합floating\260223_260531_01_최웅철_2485mAh_Q8 sub ATL GEN5+B 2.0C 고온복합\M01Ch054[054]\260223_260531_01_최웅철_2485mAh_Q8 sub ATL GEN5+B 2.0C 고온복합.sch,Gen5+B 2C 2485mAh �������� Floating Max V,floating,57,740721,131077,50,18,,,,,60.0,,False,False,False
333,수명_복합floating,수명_복합floating\260309_260731_01_최웅철_2485mAh_Q8 sub SDI GEN5+B 2.0C 고온복합\M01Ch036[036]\260309_260731_01_최웅철_2485mAh_Q8 sub SDI GEN5+B 2.0C 고온복합.sch,Gen5+B 2C 2485mAh �������� Floating Max V,floating,57,740721,131077,50,18,,,,,60.0,,False,False,False
334,수명_복합floating,수명_복합floating\260309_260731_01_최웅철_2485mAh_Q8 sub SDI GEN5+B 2.0C 고온복합\M01Ch037[037]\260309_260731_01_최웅철_2485mAh_Q8 sub SDI GEN5+B 2.0C 고온복합.sch,Gen5+B 2C 2485mAh �������� Floating Max V,floating,57,740721,131077,50,18,,,,,60.0,,False,False,False
335,수명_복합floating,수명_복합floating\260320_260923_03_안성진_251mAh_HaeanProtoDOE복합Floating\M01Ch025[025]\260320_260923_03_안성진_251mAh_HaeanProtoDOE복합Floating.sch,250-5mAh ��������Floating,floating,52,740721,131077,50,1,4580.0,2950.0,100.0,-25.0,60.0,,True,True,False
336,수명_복합floating,수명_복합floating\260320_260923_03_안성진_251mAh_HaeanProtoDOE복합Floating\M01Ch026[026]\260320_260923_03_안성진_251mAh_HaeanProtoDOE복합Floating.sch,250-5mAh ��������Floating,floating,52,740721,131077,50,1,4580.0,2950.0,100.0,-25.0,60.0,,True,True,False
337,수명_복합floating,수명_복합floating\260320_260923_03_안성진_251mAh_HaeanProtoDOE복합Floating\M01Ch027[027]\260320_260923_03_안성진_251mAh_HaeanProtoDOE복합Floating.sch,250-5mAh ��������Floating,floating,52,740721,131077,50,1,4580.0,2950.0,100.0,-25.0,60.0,,True,True,False
338,수명_복합floating,수명_복합floating\260320_260923_03_안성진_251mAh_HaeanProtoDOE복합Floating\M01Ch028[028]\260320_260923_03_안성진_251mAh_HaeanProtoDOE복합Floating.sch,250-5mAh ��������Floating,floating,52,740721,131077,50,1,4580.0,2950.0,100.0,-25.0,60.0,,True,True,False
339,수명_복합floating,수명_복합floating\260320_260923_03_안성진_251mAh_HaeanProtoDOE일반Floating\M01Ch029[029]\260320_260923_03_안성진_251mAh_HaeanProtoDOE일반Floating.sch,250-5mAh ��������Floating,floating,13,740721,131077,50,2,4580.0,2950.0,100.0,150.0,60.0,,True,True,False
340,수명_복합floating,수명_복합floating\260320_260923_03_안성진_251mAh_HaeanProtoDOE일반Floating\M01Ch030[030]\260320_260923_03_안성진_251mAh_HaeanProtoDOE일반Floating.sch,250-5mAh ��������Floating,floating,13,740721,131077,50,2,4580.0,2950.0,100.0,150.0,60.0,,True,True,False
341,수명_복합floating,수명_복합floating\260320_260923_03_안성진_251mAh_HaeanProtoDOE일반Floating\M01Ch031[031]\260320_260923_03_안성진_251mAh_HaeanProtoDOE일반Floating.sch,250-5mAh ��������Floating,floating,13,740721,131077,50,2,4580.0,2950.0,100.0,150.0,60.0,,True,True,False
342,수명_복합floating,수명_복합floating\260320_260923_03_안성진_251mAh_HaeanProtoDOE일반Floating\M01Ch032[032]\260320_260923_03_안성진_251mAh_HaeanProtoDOE일반Floating.sch,250-5mAh ��������Floating,floating,13,740721,131077,50,2,4580.0,2950.0,100.0,150.0,60.0,,True,True,False
343,수명_복합floating,수명_복합floating\260320_260923_03_안성진_251mAh_HaeanProtoDOE일반FloatingRe\M01Ch029[029]\260320_260923_03_안성진_251mAh_HaeanProtoDOE일반FloatingRe.sch,250-5mAh ��������Floating,floating,13,740721,131077,50,2,4580.0,2950.0,100.0,150.0,60.0,,True,True,False
344,수명_복합floating,수명_복합floating\260320_260923_03_안성진_251mAh_HaeanProtoDOE일반FloatingRe\M01Ch030[030]\260320_260923_03_안성진_251mAh_HaeanProtoDOE일반FloatingRe.sch,250-5mAh ��������Floating,floating,13,740721,131077,50,2,4580.0,2950.0,100.0,150.0,60.0,,True,True,False
345,수명_복합floating,수명_복합floating\260320_260923_03_안성진_251mAh_HaeanProtoDOE일반FloatingRe\M01Ch031[031]\260320_260923_03_안성진_251mAh_HaeanProtoDOE일반FloatingRe.sch,250-5mAh ��������Floating,floating,13,740721,131077,50,2,4580.0,2950.0,100.0,150.0,60.0,,True,True,False
346,수명_복합floating,수명_복합floating\260320_260923_03_안성진_251mAh_HaeanProtoDOE일반FloatingRe\M01Ch032[032]\260320_260923_03_안성진_251mAh_HaeanProtoDOE일반FloatingRe.sch,250-5mAh ��������Floating,floating,13,740721,131077,50,2,4580.0,2950.0,100.0,150.0,60.0,,True,True,False
347,수명_복합floating,수명_복합floating\260320_260923_03_안성진_251mAh_HaeanProtoMain복합Floating\M01Ch003[003]\260320_260923_03_안성진_251mAh_HaeanProtoMain복합Floating.sch,250-5mAh ��������Floating,floating,52,740721,131077,50,1,4580.0,2950.0,100.0,-25.0,60.0,,True,True,False
348,수명_복합floating,수명_복합floating\260320_260923_03_안성진_251mAh_HaeanProtoMain복합Floating\M01Ch004[004]\260320_260923_03_안성진_251mAh_HaeanProtoMain복합Floating.sch,250-5mAh ��������Floating,floating,52,740721,131077,50,1,4580.0,2950.0,100.0,-25.0,60.0,,True,True,False
349,수명_복합floating,수명_복합floating\260320_260923_03_안성진_251mAh_HaeanProtoMain복합Floating\M01Ch006[006]\260320_260923_03_안성진_251mAh_HaeanProtoMain복합Floating.sch,250-5mAh ��������Floating,floating,52,740721,131077,50,1,4580.0,2950.0,100.0,-25.0,60.0,,True,True,False
350,수명_복합floating,수명_복합floating\260320_260923_03_안성진_251mAh_HaeanProtoMain복합Floating\M01Ch007[007]\260320_260923_03_안성진_251mAh_HaeanProtoMain복합Floating.sch,250-5mAh ��������Floating,floating,52,740721,131077,50,1,4580.0,2950.0,100.0,-25.0,60.0,,True,True,False
351,수명_복합floating,수명_복합floating\260320_260923_03_안성진_251mAh_HaeanProtoMain일반Floating\M01Ch008[008]\260320_260923_03_안성진_251mAh_HaeanProtoMain일반Floating.sch,250-5mAh ��������Floating,floating,13,740721,131077,50,2,4580.0,2950.0,100.0,150.0,60.0,,True,True,False
352,수명_복합floating,수명_복합floating\260320_260923_03_안성진_251mAh_HaeanProtoMain일반Floating\M01Ch009[009]\260320_260923_03_안성진_251mAh_HaeanProtoMain일반Floating.sch,250-5mAh ��������Floating,floating,13,740721,131077,50,2,4580.0,2950.0,100.0,150.0,60.0,,True,True,False
353,수명_복합floating,수명_복합floating\260320_260923_03_안성진_251mAh_HaeanProtoMain일반Floating\M01Ch023[023]\260320_260923_03_안성진_251mAh_HaeanProtoMain일반Floating.sch,250-5mAh ��������Floating,floating,13,740721,131077,50,2,4580.0,2950.0,100.0,150.0,60.0,,True,True,False
354,수명_복합floating,수명_복합floating\260320_260923_03_안성진_251mAh_HaeanProtoMain일반Floating\M01Ch024[024]\260320_260923_03_안성진_251mAh_HaeanProtoMain일반Floating.sch,250-5mAh ��������Floating,floating,13,740721,131077,50,2,4580.0,2950.0,100.0,150.0,60.0,,True,True,False
355,수명_복합floating,수명_복합floating\260320_260923_03_안성진_251mAh_HaeanProtoMain일반FloatingRe\M01Ch008[008]\260320_260923_03_안성진_251mAh_HaeanProtoMain일반FloatingRe.sch,250-5mAh ��������Floating,floating,13,740721,131077,50,2,4580.0,2950.0,100.0,150.0,60.0,,True,True,False
356,수명_복합floating,수명_복합floating\260320_260923_03_안성진_251mAh_HaeanProtoMain일반FloatingRe\M01Ch009[009]\260320_260923_03_안성진_251mAh_HaeanProtoMain일반FloatingRe.sch,250-5mAh ��������Floating,floating,13,740721,131077,50,2,4580.0,2950.0,100.0,150.0,60.0,,True,True,False
357,수명_복합floating,수명_복합floating\260320_260923_03_안성진_251mAh_HaeanProtoMain일반FloatingRe\M01Ch023[023]\260320_260923_03_안성진_251mAh_HaeanProtoMain일반FloatingRe.sch,250-5mAh ��������Floating,floating,13,740721,131077,50,2,4580.0,2950.0,100.0,150.0,60.0,,True,True,False
358,수명_복합floating,수명_복합floating\260320_260923_03_안성진_251mAh_HaeanProtoMain일반FloatingRe\M01Ch024[024]\260320_260923_03_안성진_251mAh_HaeanProtoMain일반FloatingRe.sch,250-5mAh ��������Floating,floating,13,740721,131077,50,2,4580.0,2950.0,100.0,150.0,60.0,,True,True,False
359,수명_복합floating,수명_복합floating\260413_260930_05_김영환_3365mAh_Gen6+VB ATL Proto1 고온복합Floating 280day PNE15 1112\M01Ch011[011]\260413_260930_05_김영환_3365mAh_Gen6+VB ATL Proto1 고온복합Floating 280day PNE15 1112.sch,�������� 4.57V_Si 3365mAh 2C 2step ���� 2.75V 280day,OTHER,62,740721,131077,50,16,,,,,60.0,,True,False,False
360,수명_복합floating,수명_복합floating\260413_260930_05_김영환_3365mAh_Gen6+VB ATL Proto1 고온복합Floating 280day PNE15 1112\M01Ch012[012]\260413_260930_05_김영환_3365mAh_Gen6+VB ATL Proto1 고온복합Floating 280day PNE15 1112.sch,�������� 4.57V_Si 3365mAh 2C 2step ���� 2.75V 280day,OTHER,62,740721,131077,50,16,,,,,60.0,,True,False,False
361,수명_복합floating,수명_복합floating\260413_260930_05_박기진_4948mAh_Gen6+VB SDI Proto1 고온복합Floating 280day\M01Ch009[009]\260413_260930_05_박기진_4948mAh_Gen6+VB SDI Proto1 고온복합Floating 280day.sch,�������� 4.57V_Si 4948mAh 2C 2step ���� 2.75V 280day,OTHER,62,740721,131077,50,1,,,,,60.0,,True,False,False
362,수명_복합floating,수명_복합floating\260413_260930_05_박기진_4948mAh_Gen6+VB SDI Proto1 고온복합Floating 280day\M01Ch009[009]\260413_260930_05_박기진_4948mAh_Gen6+VB SDI Proto1 고온복합Floating 280day_000.sch,�������� 4.57V_Si 4948mAh 2C 2step ���� 2.75V 280day,OTHER,62,740721,131077,50,1,,,,,60.0,,True,False,False
363,수명_복합floating,수명_복합floating\260413_260930_05_박기진_4948mAh_Gen6+VB SDI Proto1 고온복합Floating 280day\M01Ch010[010]\260413_260930_05_박기진_4948mAh_Gen6+VB SDI Proto1 고온복합Floating 280day.sch,�������� 4.57V_Si 4948mAh 2C 2step ���� 2.75V 280day,OTHER,62,740721,131077,50,1,,,,,60.0,,True,False,False
364,수명_복합floating,수명_복합floating\260413_260930_05_박기진_4948mAh_Gen6+VB SDI Proto1 고온복합Floating 280day\M01Ch010[010]\260413_260930_05_박기진_4948mAh_Gen6+VB SDI Proto1 고온복합Floating 280day_000.sch,�������� 4.57V_Si 4948mAh 2C 2step ���� 2.75V 280day,OTHER,62,740721,131077,50,1,,,,,60.0,,True,False,False
365,수명_복합floating,수명_복합floating\260413_261230_05_문현규_3650mAh_Cosmx 25SiC 타사spl floating ch55 61\M01Ch055[055]\260413_261230_05_문현규_3650mAh_Cosmx 25SiC 타사spl floating ch55 61.sch,4.55V 2C 3650mAh Floating,floating,13,740721,131077,50,10,4580.0,3150.0,780.0,680.0,60.0,,False,False,False
366,수명_복합floating,수명_복합floating\260413_261230_05_문현규_3650mAh_Cosmx 25SiC 타사spl floating ch55 61\M01Ch061[061]\260413_261230_05_문현규_3650mAh_Cosmx 25SiC 타사spl floating ch55 61.sch,4.55V 2C 3650mAh Floating,floating,13,740721,131077,50,10,4580.0,3150.0,780.0,680.0,60.0,,False,False,False
367,수명_복합floating,수명_복합floating\260413_261230_05_문현규_3650mAh_Cosmx 25SiC 타사spl 복합floating ch23-24\M01Ch023[023]\260413_261230_05_문현규_3650mAh_Cosmx 25SiC 타사spl 복합floating ch23-24.sch,3650mAh �������� Floating,floating,55,740721,131077,50,8,4600.0,2700.0,780.0,680.0,60.0,,False,False,False
368,수명_복합floating,수명_복합floating\260413_261230_05_문현규_3650mAh_Cosmx 25SiC 타사spl 복합floating ch23-24\M01Ch024[024]\260413_261230_05_문현규_3650mAh_Cosmx 25SiC 타사spl 복합floating ch23-24.sch,3650mAh �������� Floating,floating,55,740721,131077,50,8,4600.0,2700.0,780.0,680.0,60.0,,False,False,False
